categoria,oc_numero,posicion,centro,proveedor_id,proveedor_nombre,material,material_texto,solicitud_pedido,solicitud_posicion,fecha_solped,fecha_entrega_solped,fecha_pedido,cantidad_reparto,ump,ctd_entregada,fecha_entrega,ctd_pendiente,fecha_estadistica,comprador,grupo_compra,estatus,diferencia_dias,concatenar,fecha_llegada_gutis,fecha_lead_time_sap,fabricante,po_forwarder,incoterm,tipo_pago,zca_coa_sap,status_coa,cantidad_lotes,entrega_entrante,tipo_proveedor,temperatura,pais_origen,tipo_transporte,eta_cr,arribo_cr,recibo
PRODUCCION,4500016171,90,CR10,PROV-0001,Proveedor 0001,11000371,Colágeno hidrolizado bovino,1000028501,10,2026-02-18,2026-05-29,2026-03-13,6000000,G,0,2026-07-24,6000000,2026-05-29,comprador-0001,A00,Atrasado,-35,450001617190,2026-07-24,2026-02-18,Fabricante 0001,N/A,CIF LIMON,CREDITO,,SI,PENDIENTE,PENDIENTE,INTERNACIONAL,Ambiente,BRASIL,MARITIMO,2026-08-11,PENDIENTE,688720
PRODUCCION,4500016171,130,CR10,PROV-0001,Proveedor 0001,11000371,Colágeno hidrolizado bovino,1000028501,10,2026-02-18,2026-05-29,2026-03-13,600000,G,0,2026-07-24,600000,2026-07-24,comprador-0001,A00,Atrasado,-35,4500016171130,2026-07-24,2026-02-18,Fabricante 0001,N/A,CIF LIMON,CREDITO,,SI,PENDIENTE,PENDIENTE,INTERNACIONAL,Ambiente,BRASIL,MARITIMO,2026-08-18,PENDIENTE,688968
PRODUCCION,4500016171,120,CR10,PROV-0001,Proveedor 0001,11000371,Colágeno hidrolizado bovino,1000028501,10,2026-02-18,2026-05-29,2026-03-13,5400000,G,0,2026-07-24,5400000,2026-07-24,comprador-0001,A00,Atrasado,-35,4500016171120,2026-07-24,2026-02-18,Fabricante 0001,N/A,CIF LIMON,CREDITO,,SI,PENDIENTE,PENDIENTE,INTERNACIONAL,Ambiente,BRASIL,MARITIMO,2026-08-18,PENDIENTE,688968
PRODUCCION,4500016171,80,CR10,PROV-0001,Proveedor 0001,11000371,Colágeno hidrolizado bovino,1000028501,10,2026-02-18,2026-05-29,2026-03-13,300000,G,0,2026-07-24,300000,2026-05-29,comprador-0001,A00,Atrasado,-35,450001617180,2026-07-24,2026-02-18,Fabricante 0001,N/A,CIF LIMON,CREDITO,,SI,PENDIENTE,PENDIENTE,INTERNACIONAL,Ambiente,BRASIL,MARITIMO,2026-07-14,SI,686804
PRODUCCION,4500016171,70,CR10,PROV-0001,Proveedor 0001,11000371,Colágeno hidrolizado bovino,1000028501,10,2026-02-18,2026-05-29,2026-03-13,5700000,G,0,2026-07-24,5700000,2026-05-29,comprador-0001,A00,Atrasado,-35,450001617170,2026-07-24,2026-02-18,Fabricante 0001,N/A,CIF LIMON,CREDITO,,SI,PENDIENTE,PENDIENTE,INTERNACIONAL,Ambiente,BRASIL,MARITIMO,2026-07-14,SI,686804
PRODUCCION,4500016171,20,CR10,PROV-0001,Proveedor 0001,11000371,Colágeno hidrolizado bovino,1000028501,10,2026-02-18,2026-05-29,2026-03-13,3300000,G,0,2026-07-24,3300000,2026-05-29,comprador-0001,A00,Atrasado,-35,450001617120,2026-07-24,2026-02-18,Fabricante 0001,N/A,CIF LIMON,CREDITO,N/A,SI,PENDIENTE,180015889,INTERNACIONAL,Ambiente,BRASIL,MARITIMO,2026-07-17,SI,684582
PRODUCCION,4500016171,10,CR10,PROV-0001,Proveedor 0001,11000371,Colágeno hidrolizado bovino,1000028501,10,2026-02-18,2026-05-29,2026-03-13,2700000,G,0,2026-07-24,2700000,2026-05-29,comprador-0001,A00,Atrasado,-35,450001617110,2026-07-24,2026-02-18,Fabricante 0001,N/A,CIF LIMON,CREDITO,N/A,SI,PENDIENTE,180015889,INTERNACIONAL,Ambiente,BRASIL,MARITIMO,2026-07-17,SI,684582
PRODUCCION,4500016171,100,CR10,PROV-0001,Proveedor 0001,11000371,Colágeno hidrolizado bovino,1000028501,10,2026-02-18,2026-05-29,2026-03-13,4800000,G,0,2026-07-24,4800000,2026-05-29,comprador-0001,A00,Atrasado,-35,4500016171100,2026-07-24,2026-02-18,Fabricante 0001,N/A,CIF LIMON,CREDITO,,SI,PENDIENTE,PENDIENTE,INTERNACIONAL,Ambiente,BRASIL,MARITIMO,11/18/2026,PENDIENTE,688714
PRODUCCION,4500016171,110,CR10,PROV-0001,Proveedor 0001,11000371,Colágeno hidrolizado bovino,1000028501,10,2026-02-18,2026-05-29,2026-03-13,1200000,G,0,2026-07-24,1200000,2026-05-29,comprador-0001,A00,Atrasado,-35,4500016171110,2026-07-24,2026-02-18,Fabricante 0001,N/A,CIF LIMON,CREDITO,,SI,PENDIENTE,PENDIENTE,INTERNACIONAL,Ambiente,BRASIL,MARITIMO,2026-08-11,PENDIENTE,688714
PRODUCCION,4500017035,10,CR10,PROV-0002,Proveedor 0002,11000289,Bupropiona clorhidrato,1000031291,10,2026-04-16,2026-08-12,2026-05-05,175000,G,0,2026-07-25,175000,2026-05-29,comprador-0001,A00,Atrasado,-34,450001703510,2026-07-25,2026-07-25,Fabricante 0002,116,EXW,CREDITO,ZCP370000018529,SI,1900-01-01 00:00:00,180016295,INTERNACIONAL,Ambiente,CHINA,MARITIMO,2026-08-17,SI,683501
PRODUCCION,4500017121,10,CR10,PROV-0003,Proveedor 0003,11000081,Levomepromacina maleato,1000029433,10,2026-03-10,2026-08-24,2026-05-11,26740,G,0,2026-07-17,26740,2026-06-30,comprador-0001,A00,Atrasado,-42,450001712110,2026-07-17,,Fabricante 0003,,CIP,CREDITO,ZCA640000000035,SI,PENDIENTE,PENDIENTE,INTERNACIONAL,Ambiente,FRANCIA,AEREO,PENDIENTE,SI,693082
PRODUCCION,4500018675,10,CR10,PROV-0004,Proveedor 0004,11000380,5-hidroxi-triptofano,1000035541,10,2026-07-17,2026-08-12,2026-07-21,50000,G,0,2026-09-18,50000,2026-09-18,comprador-0001,A00,A Tiempo,21,450001867510,2026-09-18,,Fabricante 0004,N/A,CIP,CREDITO,ZCA640000000120,SI,1,PENDIENTE,INTERNACIONAL,Ambiente,CHINA,AEREO,2026-08-29,SI,693098
PRODUCCION,4500018865,10,CR10,PROV-0005,Proveedor 0005,11000048,Espironolactona,1000035766,10,2026-07-20,2026-12-01,2026-09-29,660000,G,0,2026-10-01,660000,2026-08-21,comprador-0001,A00,Atrasado,-7,450001886510,2026-08-21,,Fabricante 0005,611,FCA,CONTADO / PENDIENTE,PENDIENTE,PENDIENTE,PENDIENTE,PENDIENTE,INTERNACIONAL,Ambiente,CHINA,PENDIENTE,PENDIENTE,PENDIENTE,PENDIENTE
PRODUCCION,4500014932,20,CR10,PROV-0006,Proveedor 0006,11000234,Tiocolchicósido,1000027929,10,2026-01-26,2026-10-07,2026-01-26,30000,G,0,2026-09-25,30000,2026-09-25,comprador-0001,A00,A Tiempo,28,450001493220,2026-09-25,2026-01-26,Fabricante 0006,N/A,CIP,CONTADO / PENDIENTE,,PENDIENTE,PENDIENTE,PENDIENTE,INTERNACIONAL,Ambiente,INDIA,AEREO,PENDIENTE,PENDIENTE,PENDIENTE
PRODUCCION,4500016110,20,CR10,PROV-0007,Proveedor 0007,11000324,Dienogest,1000029498,10,2026-03-10,2026-11-14,2026-03-11,20000,G,0,2026-10-23,20000,2026-10-23,comprador-0001,A00,A Tiempo,56,450001611020,2026-09-18,2026-03-10,Fabricante 0007,N/A,CIP,CONTADO / PENDIENTE,,PENDIENTE,PENDIENTE,PENDIENTE,INTERNACIONAL,Ambiente,INDIA,AEREO,PENDIENTE,PENDIENTE,PENDIENTE
PRODUCCION,4500016112,20,CR10,PROV-0007,Proveedor 0007,11000325,Estradiol valerato (regulado),1000029499,10,2026-03-10,2026-10-24,2026-03-11,10000,G,0,2026-09-25,10000,2026-09-25,comprador-0001,A00,A Tiempo,28,450001611220,2026-09-18,2026-03-10,Fabricante 0007,N/A,CIP,CONTADO / PENDIENTE,,PENDIENTE,PENDIENTE,PENDIENTE,INTERNACIONAL,Ambiente,INDIA,AEREO,PENDIENTE,PENDIENTE,PENDIENTE
PRODUCCION,4500016157,20,CR10,PROV-0008,Proveedor 0008,11000278,Pelargonium sidoides (extrac. seco raiz),1000029496,10,2026-03-10,2026-09-07,2026-03-13,300000,G,0,2026-08-07,300000,2026-08-07,comprador-0001,A00,Atrasado,-21,450001615720,2026-08-07,2026-06-18,Fabricante 0008,N/A,CIF,CREDITO,PENDIENTE,PENDIENTE,PENDIENTE,PENDIENTE,LOCAL,Ambiente,ALEMANIA,MARITIMO,PENDIENTE,PENDIENTE,PENDIENTE
PRODUCCION,4500016158,30,CR10,PROV-0009,Proveedor 0009,11000108,Piridoxina clorhidrato (vitamina b6),1000029489,10,2026-03-10,2026-09-14,2026-03-13,600000,G,0,2026-08-21,600000,2026-08-21,comprador-0001,A00,Atrasado,-7,450001615830,2026-08-21,2026-03-10,Fabricante 0009,N/A,FCA,CONTADO / SI,ZCA640000000067,SI,PENDIENTE,PENDIENTE,INTERNACIONAL,Ambiente,CHINA,MARITIMO,PENDIENTE,PENDIENTE,PENDIENTE
PRODUCCION,4500016161,20,CR10,PROV-0005,Proveedor 0005,11000124,Sulfametoxazol,1000029490,10,2026-03-10,2026-11-24,2026-03-13,200000,G,0,2026-10-09,200000,2026-10-09,comprador-0001,A00,A Tiempo,42,450001616120,2026-10-09,,Fabricante 0010,540,CIF,CREDITO,PENDIENTE,PENDIENTE,PENDIENTE,PENDIENTE,INTERNACIONAL,Ambiente,INDIA,MARITIMO,PENDIENTE,PENDIENTE,PENDIENTE
PRODUCCION,4500016172,20,CR10,PROV-0001,Proveedor 0001,11000371,Colágeno hidrolizado bovino,1000029501,10,2026-03-10,2026-09-02,2026-03-13,600000,G,0,2026-09-18,600000,2026-09-18,comprador-0001,A00,A Tiempo,21,450001617220,2026-09-18,2026-03-10,Fabricante 0001,N/A,CIF LIMON,CREDITO,ZCA640000000028,SI,PENDIENTE,PENDIENTE,INTERNACIONAL,AMBIENTE,BRASIL,MARITIMO,PENDIENTE,PENDIENTE,PENDIENTE
PRODUCCION,4500016172,30,CR10,PROV-0001,Proveedor 0001,11000371,Colágeno hidrolizado bovino,1000029501,10,2026-03-10,2026-09-02,2026-03-13,5400000,G,0,2026-09-18,5400000,2026-09-18,comprador-0001,A00,A Tiempo,21,450001617230,2026-09-18,2026-03-10,Fabricante 0001,N/A,CIF LIMON,CREDITO,ZCA640000000028,SI,PENDIENTE,PENDIENTE,INTERNACIONAL,AMBIENTE,BRASIL,MARITIMO,PENDIENTE,PENDIENTE,PENDIENTE
PRODUCCION,4500016172,40,CR10,PROV-0001,Proveedor 0001,11000371,Colágeno hidrolizado bovino,1000029501,10,2026-03-10,2026-09-02,2026-03-13,6000000,G,0,2026-09-18,6000000,2026-09-18,comprador-0001,A00,A Tiempo,21,450001617240,2026-09-18,2026-03-10,Fabricante 0001,N/A,CIF LIMON,CREDITO,ZCA640000000028,SI,PENDIENTE,PENDIENTE,INTERNACIONAL,AMBIENTE,BRASIL,MARITIMO,PENDIENTE,PENDIENTE,PENDIENTE
PRODUCCION,4500016172,50,CR10,PROV-0001,Proveedor 0001,11000371,Colágeno hidrolizado bovino,1000029501,10,2026-03-10,2026-09-02,2026-03-13,600000,G,0,2026-09-18,600000,2026-09-18,comprador-0001,A00,A Tiempo,21,450001617250,2026-09-18,2026-03-10,Fabricante 0001,N/A,CIF LIMON,CREDITO,ZCA640000000028,SI,PENDIENTE,PENDIENTE,INTERNACIONAL,AMBIENTE,BRASIL,MARITIMO,PENDIENTE,PENDIENTE,PENDIENTE
PRODUCCION,4500016172,60,CR10,PROV-0001,Proveedor 0001,11000371,Colágeno hidrolizado bovino,1000029501,10,2026-03-10,2026-09-02,2026-03-13,5400000,G,0,2026-09-18,5400000,2026-09-18,comprador-0001,A00,A Tiempo,21,450001617260,2026-09-18,2026-03-10,Fabricante 0001,N/A,CIF LIMON,CREDITO,ZCA640000000028,SI,PENDIENTE,PENDIENTE,INTERNACIONAL,AMBIENTE,BRASIL,MARITIMO,PENDIENTE,PENDIENTE,PENDIENTE
PRODUCCION,4500016172,70,CR10,PROV-0001,Proveedor 0001,11000371,Colágeno hidrolizado bovino,1000029501,10,2026-03-10,2026-09-02,2026-03-13,2100000,G,0,2026-09-18,2100000,2026-09-18,comprador-0001,A00,A Tiempo,21,450001617270,2026-09-18,2026-03-10,Fabricante 0001,N/A,CIF LIMON,CREDITO,ZCA640000000028,SI,PENDIENTE,PENDIENTE,INTERNACIONAL,AMBIENTE,BRASIL,MARITIMO,PENDIENTE,PENDIENTE,PENDIENTE
PRODUCCION,4500016172,80,CR10,PROV-0001,Proveedor 0001,11000371,Colágeno hidrolizado bovino,1000029501,10,2026-03-10,2026-09-02,2026-03-13,3900000,G,0,2026-09-18,3900000,2026-09-18,comprador-0001,A00,A Tiempo,21,450001617280,2026-09-18,2026-03-10,Fabricante 0001,N/A,CIF LIMON,CREDITO,ZCA640000000028,SI,PENDIENTE,PENDIENTE,INTERNACIONAL,AMBIENTE,BRASIL,MARITIMO,PENDIENTE,PENDIENTE,PENDIENTE
PRODUCCION,4500016172,10,CR10,PROV-0001,Proveedor 0001,11000371,Colágeno hidrolizado bovino,1000029501,10,2026-03-10,2026-09-02,2026-03-13,6000000,G,0,2026-09-18,6000000,2026-08-14,comprador-0001,A00,A Tiempo,21,450001617210,2026-09-18,2026-03-10,Fabricante 0001,N/A,CIF LIMON,CREDITO,ZCA640000000028,SI,PENDIENTE,PENDIENTE,INTERNACIONAL,Ambiente,BRASIL,MARITIMO,PENDIENTE,PENDIENTE,PENDIENTE
PRODUCCION,4500016174,10,CR10,PROV-0001,Proveedor 0001,11000371,Colágeno hidrolizado bovino,1000029502,10,2026-03-10,2026-12-02,2026-03-13,30000000,G,0,2026-11-13,30000000,2026-11-13,comprador-0001,A00,A Tiempo,77,450001617410,2026-09-18,2026-03-10,Fabricante 0001,N/A,CIF LIMON,CREDITO,,PENDIENTE,PENDIENTE,PENDIENTE,INTERNACIONAL,Ambiente,BRASIL,MARITIMO,PENDIENTE,PENDIENTE,PENDIENTE
PRODUCCION,4500016175,20,CR10,PROV-0005,Proveedor 0005,11000315,Condroitina sulfato,1000029459,10,2026-03-10,2026-09-23,2026-03-13,4000000,G,0,2026-08-28,4000000,2026-08-28,comprador-0001,A00,A Tiempo,0,450001617520,2026-08-28,2026-03-10,Fabricante 0011,537,CIF,CONTADO / SI,ZCA640000000084,APROBADO,PENDIENTE,PENDIENTE,INTERNACIONAL,Ambiente,CHINA,MARITIMO,PENDIENTE,PENDIENTE,PENDIENTE
PRODUCCION,4500016181,10,CR10,PROV-0010,Proveedor 0010,11000056,Fenobarbital,1000028460,10,2026-02-18,2026-07-31,2026-03-14,100000,G,0,2026-10-16,100000,2026-07-31,comprador-0001,A00,A Tiempo,49,450001618110,2026-06-18,,Fabricante 0012,N/A,CIP,CONTADO / SI,PENDIENTE,PENDIENTE,PENDIENTE,PENDIENTE,INTERNACIONAL,Ambiente,CHINA,AEREO,PENDIENTE,PENDIENTE,PENDIENTE
PRODUCCION,4500016184,10,CR10,PROV-0002,Proveedor 0002,11000155,Gemfibrozil,1000028504,10,2026-02-18,2026-07-28,2026-03-14,13125000,G,0,2026-07-28,13125000,2026-07-28,comprador-0001,A00,Atrasado,-31,450001618410,2026-07-28,2026-05-29,Fabricante 0013,107,CIF,CONTADO / SI,N/A,SI,21,"180015669
180015670
180015671
180015672
180015673
180015674
180015675
180015676
180015677
180015678
180015679
180015680
180015681
180015682
180015683
180015684
180015685
180015686
180015687
180015688
180015689",LOCAL,Ambiente,CHINA,MARITIMO,46202,SI,680632
PRODUCCION,4500016185,10,CR10,PROV-0002,Proveedor 0002,11000155,Gemfibrozil,1000029492,10,2026-03-10,2027-01-09,2026-03-14,10000000,G,0,2026-12-11,10000000,2026-12-11,comprador-0001,A00,A Tiempo,105,450001618510,2026-12-11,2026-06-18,Fabricante 0013,108,CIF,CONTADO / SI,ZCA640000000137,APROBADO,PENDIENTE,PENDIENTE,INTERNACIONAL,Ambiente,CHINA,MARITIMO,PENDIENTE,PENDIENTE,ENVIADO
PRODUCCION,4500016186,10,CR10,PROV-0002,Proveedor 0002,11000155,Gemfibrozil,1000029493,10,2026-03-10,2027-03-04,2026-03-14,10000000,G,0,2027-02-12,10000000,2027-02-12,comprador-0001,A00,A Tiempo,168,450001618610,2027-02-12,2026-06-18,Fabricante 0013,109,CIF,CONTADO / SOLICITADO,PENDIENTE,PENDIENTE,PENDIENTE,PENDIENTE,INTERNACIONAL,Ambiente,CHINA,MARITIMO,PENDIENTE,PENDIENTE,PENDIENTE
PRODUCCION,4500016187,20,CR10,PROV-0011,Proveedor 0011,11000268,Hedera helix extracto seco,1000029435,10,2026-03-10,2026-09-07,2026-03-14,350000,G,0,2026-08-14,350000,2026-08-14,comprador-0001,A00,Atrasado,-14,450001618720,2026-08-14,2026-03-10,Fabricante 0014,N/A,CIF,CONTADO / SI,ZCA640000000020,SI,PENDIENTE,PENDIENTE,INTERNACIONAL,Ambiente,CHINA,MARITIMO,PENDIENTE,PENDIENTE,691076
PRODUCCION,4500016189,20,CR10,PROV-0012,Proveedor 0012,11000314,N- acetil glucosamina,1000029457,10,2026-03-10,2026-09-23,2026-03-14,7000000,G,0,2026-08-28,7000000,2026-08-28,comprador-0001,A00,A Tiempo,0,450001618920,2026-08-28,2026-03-10,Fabricante 0015,N/A,CIF,CREDITO,N/A,SI,PENDIENTE,"180015915
180015916 
180015917",INTERNACIONAL,Ambiente,CHINA,MARITIMO,46231,SI,686805
PRODUCCION,4500016222,20,CR10,PROV-0005,Proveedor 0005,11000003,Alopurinol,1000029483,10,2026-03-10,2026-10-09,2026-03-18,1600000,G,0,2026-09-30,1600000,2026-09-30,comprador-0001,A00,A Tiempo,33,450001622220,2026-09-30,2026-03-10,Fabricante 0016,545,CIF,CONTADO / SI,PENDIENTE,PENDIENTE,PENDIENTE,PENDIENTE,INTERNACIONAL,Ambiente,INDIA,MARITIMO,PENDIENTE,PENDIENTE,PENDIENTE
PRODUCCION,4500016277,10,CR10,PROV-0013,Proveedor 0013,11000463,Creatina,1000030753,10,2026-03-20,2026-04-27,2026-03-20,1300000,G,0,2026-09-04,1300000,2026-05-08,comprador-0001,A00,A Tiempo,7,450001627710,2026-09-04,2026-03-20,Fabricante 0017,N/A,FOB,CREDITO,N/A,SI,PENDIENTE,PENDIENTE,INTERNACIONAL,Ambiente,CHINA,MARITIMO,46259,PENDIENTE,687280
PRODUCCION,4500016428,10,CR10,PROV-0014,Proveedor 0014,11000265,Esomeprazol magnesio trihidratado,1000029528,10,2026-03-11,2026-06-19,2026-03-30,50000,G,0,2026-08-31,50000,2026-06-12,comprador-0001,A00,A Tiempo,3,450001642810,2026-07-24,,Fabricante 0018,N/A,CIP,CREDITO,N/A,SI,1,PENDIENTE,INTERNACIONAL,Ambiente,INDIA,AEREO,PENDIENTE,PENDIENTE,PENDIENTE
PRODUCCION,4500016428,20,CR10,PROV-0014,Proveedor 0014,11000265,Esomeprazol magnesio trihidratado,1000029528,10,2026-03-11,2026-06-19,2026-03-30,250000,G,0,2026-10-30,250000,2026-09-04,comprador-0001,A00,A Tiempo,63,450001642820,2026-09-04,,Fabricante 0018,N/A,CIF,CREDITO,N/A,SI,1,PENDIENTE,INTERNACIONAL,Ambiente,INDIA,MARITIMO,PENDIENTE,PENDIENTE,PENDIENTE
PRODUCCION,4500017118,20,CR10,PROV-0005,Proveedor 0005,11000333,Tetrahidrocurcumina,1000029464,10,2026-03-10,2026-07-04,2026-05-11,1100000,G,0,2026-08-30,1100000,2026-07-04,comprador-0001,A00,A Tiempo,2,450001711820,2026-07-04,2026-06-18,Fabricante 0019,567,CIF,CONTADO / SOLICITADO,ZCA640000000187 / ZCA640000000119,PENDIENTE,PENDIENTE,PENDIENTE,INTERNACIONAL,Ambiente,CHINA,MARITIMO,PENDIENTE,PENDIENTE,PENDIENTE
PRODUCCION,4500017118,10,CR10,PROV-0005,Proveedor 0005,11000333,Tetrahidrocurcumina,1000029464,10,2026-03-10,2026-07-04,2026-05-11,900000,G,0,2026-08-30,900000,2026-07-04,comprador-0001,A00,A Tiempo,2,450001711810,2026-07-04,2026-06-18,Fabricante 0019,567,CIF,CONTADO / SOLICITADO,ZCA640000000187 / ZCA640000000119,PENDIENTE,PENDIENTE,PENDIENTE,INTERNACIONAL,Ambiente,CHINA,MARITIMO,PENDIENTE,PENDIENTE,PENDIENTE
PRODUCCION,4500017207,10,CR10,PROV-0015,Proveedor 0015,11000110,Potasio gluconato anhidra,1000031777,10,2026-05-15,2026-12-15,2026-05-14,1200000,G,0,2026-12-15,1200000,2026-12-15,comprador-0001,A00,A Tiempo,109,450001720710,2026-12-15,,Fabricante 0020,N/A,EXW,CREDITO,ZCA640000000106,SI,PENDIENTE,PENDIENTE,INTERNACIONAL,Ambiente,BELGICA,MARITIMO,PENDIENTE,PENDIENTE,PENDIENTE
PRODUCCION,4500017214,10,CR10,PROV-0016,Proveedor 0016,11000057,Fenobarbital sódico,1000031773,10,2026-04-23,2026-09-14,2026-05-15,4000,G,0,2026-07-31,4000,2026-07-31,comprador-0001,A00,Atrasado,-28,450001721410,2026-07-31,,Fabricante 0021,N/A,CIP,CONTADO / SI,PENDIENTE,PENDIENTE,PENDIENTE,PENDIENTE,INTERNACIONAL,Ambiente,HUNGRIA,AEREO,PENDIENTE,PENDIENTE,PENDIENTE
PRODUCCION,4500017279,10,CR10,PROV-0017,Proveedor 0017,11000213,Clozapina,1000031809,10,2026-04-23,2026-11-26,2026-05-19,120000,G,0,2026-11-26,120000,2026-06-19,comprador-0001,A00,A Tiempo,90,450001727910,2026-11-19,,Fabricante 0022,N/A,FOB,CONTADO / SI,ZCA640000000063,SI,PENDIENTE,PENDIENTE,INTERNACIONAL,Ambiente,INDIA,MARITIMO,PENDIENTE,PENDIENTE,691067
PRODUCCION,4500017370,10,CR10,PROV-0018,Proveedor 0018,11000023,Clonazepan,1000031262,10,2026-04-16,2026-06-15,2026-05-21,20000,G,0,2026-09-20,20000,2026-07-31,comprador-0001,A00,A Tiempo,23,450001737010,2026-09-20,,Fabricante 0023,N/A,CIP,CONTADO / SI,,PENDIENTE,PENDIENTE,PENDIENTE,INTERNACIONAL,Ambiente,INDIA,AEREO,PENDIENTE,PENDIENTE,PENDIENTE
PRODUCCION,4500017478,10,CR10,PROV-0005,Proveedor 0005,11000092,Metronidazol,1000032909,10,2026-05-14,2026-08-22,2026-05-27,575000,G,0,2026-06-30,575000,2026-06-30,comprador-0002,A00,Atrasado,-59,450001747810,2026-06-30,,Fabricante 0024,576,FCA,CREDITO,ZCA640000000021,SI,PENDIENTE,PENDIENTE,INTERNACIONAL,Ambiente,,,PENDIENTE,PENDIENTE,PENDIENTE
PRODUCCION,4500017578,10,CR10,PROV-0019,Proveedor 0019,11000231,Sertralina clorhidrato,1000032907,10,2026-05-14,2026-08-30,2026-06-01,100000,G,0,2026-09-14,100000,2026-07-31,comprador-0002,A00,A Tiempo,17,450001757810,2026-09-14,,Fabricante 0025,N/A,CIP,CONTADO / SI,ZCA640000000105,SI,PENDIENTE,PENDIENTE,INTERNACIONAL,Ambiente,INDIA,AEREO,PENDIENTE,PENDIENTE,PENDIENTE
PRODUCCION,4500017716,10,CR10,PROV-0020,Proveedor 0020,11000086,Lorazepam,1000032911,10,2026-05-14,2026-10-06,2026-06-08,25000,G,0,2026-09-25,25000,2026-09-25,comprador-0001,A00,A Tiempo,28,450001771610,2026-09-25,,Fabricante 0026,N/A,FCA,CONTADO / PENDIENTE,PENDIENTE,PENDIENTE,PENDIENTE,PENDIENTE,INTERNACIONAL,Ambiente,INDIA,AEREO,PENDIENTE,PENDIENTE,PENDIENTE
PRODUCCION,4500017718,10,CR10,PROV-0021,Proveedor 0021,11000016,Bisacodilo,1000032904,10,2026-05-14,2026-08-22,2026-06-08,300,G,0,2026-09-18,300,2026-07-31,comprador-0001,A00,A Tiempo,21,450001771810,2026-09-18,,Fabricante 0027,N/A,CIP,CONTADO SI,PENDIENTE,PENDIENTE,PENDIENTE,PENDIENTE,INTERNACIONAL,Ambiente,INDIA,AEREO,PENDIENTE,PENDIENTE,PENDIENTE
PRODUCCION,4500017758,20,CR10,PROV-0022,Proveedor 0022,11000171,Ascorbato de sodio en cristales,1000029428,10,2026-03-10,2026-09-07,2026-06-08,300000,G,0,2026-09-07,300000,2026-06-19,comprador-0001,A00,A Tiempo,10,450001775820,2026-09-07,,Fabricante 0028,N/A,FOB,CONTADO / SI,ZCA640000000066,SI,PENDIENTE,PENDIENTE,INTERNACIONAL,Entre 15°-25° C,INDIA,AEREO,PENDIENTE,PENDIENTE,691072
PRODUCCION,4500018066,10,CR10,PROV-0023,Proveedor 0023,11000111,Prednisolona anhidra,1000034237,10,2026-06-16,2026-09-24,2026-06-22,225000,G,0,2026-07-31,225000,2026-07-31,comprador-0002,A00,Atrasado,-28,450001806610,2026-07-31,,Fabricante 0029,N/A,FCA,CREDITO,ZCA640000000047,SI,PENDIENTE,PENDIENTE,INTERNACIONAL,Ambiente,CHINA,PENDIENTE,PENDIENTE,PENDIENTE,PENDIENTE
PRODUCCION,4500018188,10,CR10,PROV-0012,Proveedor 0012,11000216,Montelukast monosódico,1000034236,10,2026-06-16,2026-09-24,2026-06-29,3000,G,0,2026-08-28,3000,2026-08-28,comprador-0001,A00,A Tiempo,0,450001818810,2026-08-28,,Fabricante 0030,N/A,CIP,CREDITO,ZCA640000000085,SI,PENDIENTE,PENDIENTE,INTERNACIONAL,Ambiente,CHINA,AEREO,PENDIENTE,PENDIENTE,PENDIENTE
PRODUCCION,4500018189,10,CR10,PROV-0024,Proveedor 0024,11000389,Bromhidrato de vortioxetina,1000034288,10,2026-06-16,2026-11-16,2026-06-29,2000,G,0,2026-08-28,2000,2026-08-28,comprador-0001,A00,A Tiempo,0,450001818910,2026-08-28,,Fabricante 0031,N/A,CIP,CONTADO / SI,ZCA640000000110,PENDIENTE,PENDIENTE,PENDIENTE,INTERNACIONAL,Ambiente,,PENDIENTE,PENDIENTE,PENDIENTE,PENDIENTE
PRODUCCION,4500018198,10,CR10,PROV-0005,Proveedor 0005,11000108,Piridoxina clorhidrato (vitamina b6),1000034244,10,2026-06-16,2026-11-30,2026-06-30,900000,G,0,2026-07-17,900000,2026-07-17,comprador-0001,A00,Atrasado,-42,450001819810,2026-07-17,,Fabricante 0032,600,FCA,CREDITO,ZCA640000000103,SI,PENDIENTE,PENDIENTE,INTERNACIONAL,Ambiente,CHINA,PENDIENTE,PENDIENTE,PENDIENTE,PENDIENTE
PRODUCCION,4500018201,10,CR10,PROV-0005,Proveedor 0005,11000176,Vitamina d3 cristales (colecalciferol),1000034256,10,2026-06-16,2026-09-24,2026-06-30,1000,G,0,2026-07-24,1000,2026-07-24,comprador-0001,A00,Atrasado,-35,450001820110,2026-07-24,,Fabricante 0033,601,FCA,CREDITO,ZCA640000000132,EN PROCESO,PENDIENTE,PENDIENTE,INTERNACIONAL,Entre 2°-8° C,CHINA,PENDIENTE,PENDIENTE,PENDIENTE,PENDIENTE
PRODUCCION,4500018210,10,CR10,PROV-0012,Proveedor 0012,11000282,Dexketoprofeno trometamol,1000034297,10,2026-06-16,2026-11-21,2026-06-30,250000,G,0,2026-10-23,250000,2026-10-23,comprador-0001,A00,A Tiempo,56,450001821010,2026-10-23,,Fabricante 0034,N/A,CIF,CREDITO,ZCA640000000068,SI,PENDIENTE,PENDIENTE,INTERNACIONAL,Ambiente,CHINA,MARITIMO,PENDIENTE,PENDIENTE,PENDIENTE
PRODUCCION,4500018231,10,CR10,PROV-0025,Proveedor 0025,11000186,Valaciclovir clorhidrato,1000034239,10,2026-06-16,2026-10-13,2026-06-30,200000,G,0,2026-08-07,200000,2026-08-07,comprador-0001,A00,Atrasado,-21,450001823110,2026-08-07,,Fabricante 0035,N/A,EXW,CREDITO,ZCA640000000102,SI,PENDIENTE,PENDIENTE,INTERNACIONAL,Ambiente,INDIA,PENDIENTE,PENDIENTE,PENDIENTE,PENDIENTE
PRODUCCION,4500018293,10,CR10,PROV-0026,Proveedor 0026,11000145,Tenoxicam,1000034246,10,2026-06-16,2026-10-07,2026-07-02,300000,G,0,2026-08-28,300000,2026-08-28,comprador-0001,A00,A Tiempo,0,450001829310,2026-08-28,,Fabricante 0036,N/A,CIP,CONTADO / SI,PENDIENTE,PENDIENTE,PENDIENTE,PENDIENTE,INTERNACIONAL,Ambiente,INDIA,PENDIENTE,PENDIENTE,PENDIENTE,PENDIENTE
PRODUCCION,4500018308,10,CR10,PROV-0014,Proveedor 0014,11000081,Levomepromacina maleato,1000029433,10,2026-03-10,2026-08-24,2026-07-02,100000,G,0,2026-09-25,100000,2026-09-25,comprador-0001,A00,A Tiempo,28,450001830810,2026-09-25,,Fabricante 0037,N/A,CIP,CREDITO,PENDIENTE,PENDIENTE,PENDIENTE,PENDIENTE,INTERNACIONAL,Ambiente,INDIA,AEREO,PENDIENTE,PENDIENTE,PENDIENTE
PRODUCCION,4500018603,10,CR10,PROV-0005,Proveedor 0005,11000058,Fluoxetina clorhidrato,1000035530,10,2026-07-16,2026-08-10,2026-07-16,600000,G,0,2026-08-28,600000,2026-07-31,comprador-0001,A00,A Tiempo,0,450001860310,,,Fabricante 0038,605,EXW,CREDITO,ZCA640000000144,SI,,PENDIENTE,INTERNACIONAL,Ambiente,INDIA,AEREO,PENDIENTE,PENDIENTE,693369
PRODUCCION,4500018732,10,CR10,PROV-0027,Proveedor 0027,11000383,Magnesio glicinato,1000035542,10,2026-07-17,2026-08-19,2026-07-24,30000,G,0,2026-09-18,30000,2026-08-14,comprador-0001,A00,A Tiempo,21,450001873210,2026-09-18,,Fabricante 0039,N/A,FOB,CONTADO / SI,ZCA640000000129,SI,1,PENDIENTE,INTERNACIONAL,Ambiente,CHINA,AEREO,PENDIENTE,PENDIENTE,PENDIENTE
PRODUCCION,4500018804,10,CR10,PROV-0028,Proveedor 0028,11000399,Crocus sativus extracto seco estigmas,1000035540,10,2026-07-17,2026-10-26,2026-07-28,3000,G,0,2026-09-11,3000,2026-09-11,comprador-0001,A00,A Tiempo,14,450001880410,2026-09-11,,Fabricante 0040,N/A,CPT,CREDITO,ZCA640000000131,SI,PENDIENTE,PENDIENTE,LOCAL,Ambiente,ESPAÑA,AEREO,PENDIENTE,PENDIENTE,PENDIENTE
PRODUCCION,4500018809,10,CR10,PROV-0015,Proveedor 0015,11000388,Rhodiola rosea extracto seco al 3%,1000035538,10,2026-07-17,2026-10-26,2026-07-28,5000,G,0,2026-08-21,5000,2026-08-21,comprador-0001,A00,Atrasado,-7,450001880910,,,Fabricante 0041,,EXW,,,,,,,,,,,,
PRODUCCION,4500018820,10,CR10,PROV-0005,Proveedor 0005,11000134,Tramadol clorhidrato,1000035842,10,2026-07-20,2026-11-17,2026-07-28,50000,G,0,2026-09-25,50000,2026-09-25,comprador-0001,A00,A Tiempo,28,450001882010,2026-09-25,,Fabricante 0042,609,CIF,CREDITO,PENDIENTE,PENDIENTE,PENDIENTE,PENDIENTE,INTERNACIONAL,Ambiente,GUATEMALA,TERRESTRE,PENDIENTE,PENDIENTE,PENDIENTE
PRODUCCION,4500018825,10,CR10,PROV-0029,Proveedor 0029,11000242,Fentermina clorhidrato,1000035596,10,2026-07-20,2026-12-09,2026-07-28,10000,G,0,2026-12-09,10000,2026-12-09,comprador-0001,A00,A Tiempo,103,450001882510,2026-12-09,,Fabricante 0043,N/A,CIP,CREDITO,PENDIENTE,PENDIENTE,PENDIENTE,PENDIENTE,INTERNACIONAL,Ambiente,SUIZA,AEREO,PENDIENTE,PENDIENTE,PENDIENTE
PRODUCCION,4500018867,10,CR10,PROV-0019,Proveedor 0019,11000058,Fluoxetina clorhidrato,1000035603,10,2026-07-20,2026-10-28,2026-07-29,1000000,G,0,2026-08-28,1000000,2026-08-28,comprador-0001,A00,A Tiempo,0,450001886710,2026-08-28,,Fabricante 0044,N/A,FCA,CONTADO / PENDIENTE,PENDIENTE,PENDIENTE,PENDIENTE,PENDIENTE,INTERNACIONAL,Ambiente,INDIA,MARITIMO,PENDIENTE,PENDIENTE,PENDIENTE
PRODUCCION,4500018868,10,CR10,PROV-0030,Proveedor 0030,11000120,Rifampicina densidad de bulk 0.7 g/ml,1000035691,10,2026-07-20,2026-10-28,2026-07-29,25000,G,0,2026-09-25,25000,2026-09-25,comprador-0001,A00,A Tiempo,28,450001886810,,,Fabricante 0045,N/A,CIP,CREDITO,ZCA640000000169,PENDIENTE,PENDIENTE,PENDIENTE,INTERNACIONAL,Ambiente,,PENDIENTE,PENDIENTE,PENDIENTE,PENDIENTE
PRODUCCION,4500018882,10,CR10,PROV-0030,Proveedor 0030,11000035,Diclofenaco dietilamonio,1000035764,10,2026-07-20,2026-10-28,2026-07-29,5000,G,0,2026-10-28,5000,2026-10-28,comprador-0001,A00,A Tiempo,61,450001888210,2026-10-28,,Fabricante 0046,N/A,CIP,CREDITO,PENDIENTE,PENDIENTE,PENDIENTE,PENDIENTE,INTERNACIONAL,Ambiente,INDIA,PENDIENTE,PENDIENTE,PENDIENTE,PENDIENTE
PRODUCCION,4500018905,10,CR10,PROV-0031,Proveedor 0031,11000287,Escitalopram oxalato,1000035810,10,2026-07-20,2026-11-17,2026-07-30,10000,G,0,2026-08-28,10000,2026-08-28,comprador-0001,A00,A Tiempo,0,450001890510,2026-08-28,,Fabricante 0047,N/A,FCA,CONTADO / PENDIENTE,PENDIENTE,PENDIENTE,PENDIENTE,PENDIENTE,INTERNACIONAL,Ambiente,INDIA,PENDIENTE,PENDIENTE,PENDIENTE,PENDIENTE
PRODUCCION,4500019030,10,CR10,PROV-0029,Proveedor 0029,11000097,Neostigmina bromuro,1000035669,10,2026-07-20,2026-10-28,2026-08-05,18000,G,0,2026-10-28,18000,2026-10-28,comprador-0001,A00,A Tiempo,61,450001903010,2026-10-28,,Fabricante 0048,N/A,CIP,CREDITO,ZCA640000000188,PENDIENTE,PENDIENTE,PENDIENTE,INTERNACIONAL,Ambiente,SUIZA,AEREO,PENDIENTE,PENDIENTE,PENDIENTE
PRODUCCION,4500019073,10,CR10,PROV-0032,Proveedor 0032,11000146,Benzocaína,1000035853,10,2026-07-20,2026-11-19,2026-08-06,125000,G,0,2026-08-28,125000,2026-08-28,comprador-0001,A00,A Tiempo,0,450001907310,,,,,FCA,,,PENDIENTE,PENDIENTE,PENDIENTE,INTERNACIONAL,,,,PENDIENTE,PENDIENTE,PENDIENTE
PRODUCCION,4500016547,20,CR10,PROV-0033,Proveedor 0033,12000219,Trietil - glicerilo - twee 80 - agua,1000030937,10,2026-03-31,2026-10-12,2026-04-08,200000,G,0,2026-10-12,200000,2026-09-07,comprador-0002,A07,A Tiempo,45,450001654720,2026-10-12,2026-03-31,Fabricante 0049,N/A,EXW,CREDITO,,PENDIENTE,PENDIENTE,PENDIENTE,INTERNACIONAL,Ambiente,ESTADOS UNIDOS,AEREO,PENDIENTE,PENDIENTE,PENDIENTE
PRODUCCION,4500016547,30,CR10,PROV-0033,Proveedor 0033,12000219,Trietil - glicerilo - twee 80 - agua,1000030938,10,2026-03-31,2027-01-02,2026-04-08,200000,G,0,2027-01-02,200000,2026-11-09,comprador-0002,A07,A Tiempo,127,450001654730,2027-01-02,2026-03-31,Fabricante 0049,N/A,EXW,CREDITO,,PENDIENTE,PENDIENTE,PENDIENTE,INTERNACIONAL,Ambiente,ESTADOS UNIDOS,PENDIENTE,PENDIENTE,PENDIENTE,PENDIENTE
PRODUCCION,4500017265,10,CR10,PROV-0034,Proveedor 0034,12000177,Hidroxietilcelulosa,1000031318,10,2026-04-17,2026-09-17,2026-05-18,150000,G,0,2026-09-17,150000,2026-09-17,comprador-0002,A07,A Tiempo,20,450001726510,2026-08-26,,Fabricante 0050,N/A,CIF,CREDITO,,PENDIENTE,PENDIENTE,PENDIENTE,INTERNACIONAL,Ambiente,,,,,
PRODUCCION,4500017417,10,CR10,PROV-0035,Proveedor 0035,12000008,Alcohol industrial 95º,1000033036,10,2026-05-18,2026-06-09,2026-05-25,1297600,G,973200,2026-08-31,324400,2026-06-30,comprador-0002,A07,A Tiempo,3,450001741710,,,Fabricante 0051,,LOCAL,PENDIENTE,,PENDIENTE,PENDIENTE,PENDIENTE,LOCAL,Ambiente,,,,,
PRODUCCION,4500017490,40,CR10,PROV-0036,Proveedor 0036,12000077,Poliglicol 400,1000031764,10,2026-04-23,2027-02-06,2026-05-28,3961000,G,0,2027-02-06,3961000,2027-02-06,comprador-0002,A07,A Tiempo,162,450001749040,,,Fabricante 0052,N/A,LOCAL,CREDITO,,PENDIENTE,PENDIENTE,PENDIENTE,LOCAL,Ambiente,,,,,
PRODUCCION,4500017490,30,CR10,PROV-0036,Proveedor 0036,12000077,Poliglicol 400,1000031763,10,2026-04-23,2026-11-07,2026-05-28,4194000,G,0,2026-11-07,4194000,2026-11-07,comprador-0002,A07,A Tiempo,71,450001749030,,,Fabricante 0052,N/A,LOCAL,CREDITO,,PENDIENTE,PENDIENTE,PENDIENTE,LOCAL,Ambiente,,,,,
PRODUCCION,4500017490,20,CR10,PROV-0036,Proveedor 0036,12000077,Poliglicol 400,1000032704,10,2026-05-06,2026-09-16,2026-05-28,4085000,G,0,2026-09-16,4085000,2026-09-16,comprador-0002,A07,A Tiempo,19,450001749020,,,Fabricante 0052,N/A,LOCAL,CREDITO,,PENDIENTE,PENDIENTE,PENDIENTE,LOCAL,Ambiente,,,,,
PRODUCCION,4500017492,10,CR10,PROV-0023,Proveedor 0023,12000009,Almidón pregelatinizado,1000033112,10,2026-05-18,2026-09-07,2026-05-28,1000000,G,0,2026-09-07,1000000,2026-07-03,comprador-0002,A07,A Tiempo,10,450001749210,,,Fabricante 0053,N/A,FOB,CREDITO,,PENDIENTE,PENDIENTE,PENDIENTE,INTERNACIONAL,Ambiente,CHINA,"AEREO
MARITIMO",PENDIENTE,PENDIENTE,PENDIENTE
PRODUCCION,4500017492,20,CR10,PROV-0023,Proveedor 0023,12000009,Almidón pregelatinizado,1000033112,10,2026-05-18,2026-09-07,2026-05-28,5000000,G,0,2026-09-30,5000000,2026-09-30,comprador-0002,A07,A Tiempo,33,450001749220,,,,,FOB,CREDITO,,PENDIENTE,PENDIENTE,PENDIENTE,INTERNACIONAL,Ambiente,,,,,
PRODUCCION,4500017624,20,CR10,PROV-0037,Proveedor 0037,12000218,Cápsula gelatina #2 opaca,1000031765,10,2026-04-23,2026-11-03,2026-06-03,1575000,UN,0,2026-11-03,1575000,2026-09-01,comprador-0002,A07,A Tiempo,67,450001762420,,2026-09-11,Fabricante 0054,N/A,FOB,CREDITO,,PENDIENTE,PENDIENTE,PENDIENTE,INTERNACIONAL,Ambiente,,,,,
PRODUCCION,4500017774,10,CR10,PROV-0033,Proveedor 0033,12000142,Trietil Citrato,1000033037,10,2026-05-18,2026-08-26,2026-06-09,22000,G,0,2026-09-01,22000,2026-07-20,comprador-0002,A07,A Tiempo,4,450001777410,,,,,EXW,,,,,,INTERNACIONAL,Ambiente,,,,,
PRODUCCION,4500018122,10,CR10,PROV-0035,Proveedor 0035,12000008,Alcohol industrial 95º,1000034492,10,2026-06-17,2026-07-09,2026-06-25,811000,G,0,2026-08-28,811000,2026-07-09,comprador-0001,A07,A Tiempo,0,450001812210,,,,,LOCAL,,,,,,LOCAL,Ambiente,,,,,
PRODUCCION,4500018174,20,CR10,PROV-0037,Proveedor 0037,12000135,Cápsula gelatina #2 cuerpo y tapa blanca,1000034579,10,2026-06-18,2026-11-27,2026-06-29,20000000,UN,0,2026-11-27,20000000,2026-11-27,comprador-0002,A07,A Tiempo,91,450001817420,,,,,FOB,CREDITO,,PENDIENTE,,00:00:00,INTERNACIONAL,Ambiente,,,,,
PRODUCCION,4500018174,10,CR10,PROV-0037,Proveedor 0037,12000135,Cápsula gelatina #2 cuerpo y tapa blanca,1000034376,10,2026-06-17,2026-09-02,2026-06-29,10000000,UN,0,2026-09-02,10000000,2026-09-02,comprador-0002,A07,A Tiempo,5,450001817410,,,,,FOB,CREDITO,,PENDIENTE,,00:00:00,INTERNACIONAL,Ambiente,,,,,
PRODUCCION,4500018284,10,CR10,PROV-0038,Proveedor 0038,12000350,Butilparabeno,1000034320,10,2026-06-17,2026-09-28,2026-07-01,50000,G,0,2026-09-28,50000,2026-09-28,comprador-0002,A07,A Tiempo,31,450001828410,,,,,CIP,CREDITO,,,,,INTERNACIONAL,Ambiente,,,,,
PRODUCCION,4500018540,10,CR10,PROV-0005,Proveedor 0005,12000013,Celulosa microcristalina 200,1000034402,10,2026-06-17,2026-09-26,2026-07-13,1700000,G,0,2026-09-26,1700000,2026-08-31,comprador-0002,A07,A Tiempo,29,450001854010,,,,,CIF,CREDITO,,PENDIENTE,PENDIENTE,PENDIENTE,INTERNACIONAL,Ambiente,,,,,
PRODUCCION,4500018702,10,CR10,PROV-0035,Proveedor 0035,12000008,Alcohol industrial 95º,1000036271,10,2026-07-20,2026-08-11,2026-07-22,2108600,G,0,2026-09-30,2108600,2026-08-11,comprador-0002,A07,A Tiempo,33,450001870210,,,,,LOCAL,CREDITO,,PENDIENTE,PENDIENTE,PENDIENTE,LOCAL,Ambiente,,,,,
PRODUCCION,4500018702,20,CR10,PROV-0035,Proveedor 0035,12000008,Alcohol industrial 95º,1000036271,10,2026-07-20,2026-08-11,2026-07-22,811000,G,0,2026-08-27,811000,2026-08-11,comprador-0002,A07,Atrasado,-1,450001870220,,,,,LOCAL,C,,,,,LOCAL,Ambiente,,,,,
PRODUCCION,4500019314,10,CR10,PROV-0035,Proveedor 0035,12000008,Alcohol industrial 95º,1000039727,10,2026-08-21,2026-09-12,2026-08-26,2270800,G,0,2026-09-12,2270800,2026-09-12,comprador-0002,A07,A Tiempo,15,450001931410,,,,,LOCAL,CREDITO,,PENDIENTE,PENDIENTE,PENDIENTE,LOCAL,Ambiente,,,,,
PRODUCCION,4500019316,10,CR10,PROV-0039,Proveedor 0039,12000253,Saborante tuti fruti a-6577,1000039852,10,2026-08-24,2026-10-19,2026-08-26,10000,G,0,2026-10-19,10000,2026-10-19,comprador-0002,A07,A Tiempo,52,450001931610,,,,,LOCAL,CREDITO,,PENDIENTE,PENDIENTE,PENDIENTE,LOCAL,Ambiente,,,,,
PRODUCCION,4500015762,10,CR10,PROV-0015,Proveedor 0015,12000165,Disodio tetraborato decahidratado,1000029169,10,2026-02-25,2026-11-10,2026-02-26,3000,G,0,2026-11-10,3000,2026-04-25,comprador-0002,A07,A Tiempo,74,450001576210,,2026-06-05,Fabricante 0055,N/A,EXW,CREDITO,,SI,PENDIENTE,PENDIENTE,INTERNACIONAL,Ambiente,SUIZA,MARITIMO,,SI,
PRODUCCION,4500015946,10,CR10,PROV-0034,Proveedor 0034,12000012,Celulosa microcristalina 102,1000028653,10,2026-02-18,2026-06-12,2026-03-05,4000000,G,0,2026-08-31,4000000,2026-05-11,comprador-0002,A07,A Tiempo,3,450001594610,,,,,CIF,CREDITO,,PENDIENTE,PENDIENTE,PENDIENTE,INTERNACIONAL,Ambiente,,,,,
PRODUCCION,4500015969,10,CR10,PROV-0040,Proveedor 0040,12000189,Ascorbilo palmitato,1000028539,10,2026-02-18,2026-09-05,2026-03-05,500,G,0,2026-09-05,500,2026-04-30,comprador-0002,A07,A Tiempo,8,450001596910,,2026-05-29,Fabricante 0056,N/A,FOB,CONTADO,,PENDIENTE,PENDIENTE,PENDIENTE,INTERNACIONAL,Ambiente,ESTADOS UNIDOS,AEREO,PENDIENTE,PENDIENTE,PENDIENTE
PRODUCCION,4500016500,20,CR10,PROV-0041,Proveedor 0041,12000035,Mono y diglicéridos,1000030916,10,2026-03-30,2026-12-04,2026-04-06,375000,G,0,2026-12-04,375000,2026-10-30,comprador-0002,A07,A Tiempo,98,450001650020,,2026-07-08,Fabricante 0057,N/A,LOCAL,CREDITO,,PENDIENTE,PENDIENTE,PENDIENTE,LOCAL,Ambiente,N/A,N/A,N/A,N/A,N/A
PRODUCCION,4500016504,20,CR10,PROV-0039,Proveedor 0039,12000314,Saborante naranja b-14590,1000030918,10,2026-03-30,2026-11-03,2026-04-06,150000,G,0,2026-11-03,150000,2026-09-30,comprador-0002,A07,A Tiempo,67,450001650420,,2026-03-30,Fabricante 0058,,LOCAL,CREDITO,,PENDIENTE,PENDIENTE,PENDIENTE,LOCAL,Ambiente,N/A,N/A,N/A,N/A,N/A
PRODUCCION,4500016505,20,CR10,PROV-0039,Proveedor 0039,12000246,Saborante kola a-306,1000030919,10,2026-03-30,2026-11-03,2026-04-06,10000,G,0,2026-11-03,10000,2026-09-30,comprador-0002,A07,A Tiempo,67,450001650520,,2026-03-30,Fabricante 0058,,LOCAL,CREDITO,,PENDIENTE,PENDIENTE,PENDIENTE,LOCAL,Ambiente,N/A,N/A,N/A,N/A,N/A
PRODUCCION,4500016506,30,CR10,PROV-0039,Proveedor 0039,12000248,Saborante frambuesa a-0237,1000030921,10,2026-03-30,2027-02-25,2026-04-06,10000,G,0,2027-02-22,10000,2027-01-11,comprador-0002,A07,A Tiempo,178,450001650630,,2026-03-30,Fabricante 0058,,LOCAL,CREDITO,,PENDIENTE,PENDIENTE,PENDIENTE,LOCAL,Ambiente,N/A,N/A,N/A,N/A,N/A
PRODUCCION,4500016506,20,CR10,PROV-0039,Proveedor 0039,12000248,Saborante frambuesa a-0237,1000030920,10,2026-03-30,2026-11-03,2026-04-06,10000,G,0,2026-11-03,10000,2026-10-30,comprador-0002,A07,A Tiempo,67,450001650620,,2026-03-30,Fabricante 0058,,LOCAL,CREDITO,,PENDIENTE,PENDIENTE,PENDIENTE,LOCAL,Ambiente,N/A,N/A,N/A,N/A,N/A
PRODUCCION,4500016508,20,CR10,PROV-0039,Proveedor 0039,12000220,Colorante amarillo fd&c #5 gt 107,1000030923,10,2026-03-30,2026-11-14,2026-04-06,20000,G,0,2026-11-14,20000,2026-09-30,comprador-0002,A07,A Tiempo,78,450001650820,,2026-03-30,Fabricante 0058,,LOCAL,CREDITO,,PENDIENTE,PENDIENTE,PENDIENTE,LOCAL,Ambiente,N/A,N/A,N/A,N/A,N/A
PRODUCCION,4500016538,30,CR10,PROV-0041,Proveedor 0041,12000081,Propilenglicol,1000030927,10,2026-03-30,2026-11-01,2026-04-07,3060000,G,0,2026-11-01,3060000,2026-12-11,comprador-0002,A07,A Tiempo,65,450001653830,,2026-07-08,Fabricante 0057,PRODUCTIVO,LOCAL,CREDITO,PENDIENTE,PENDIENTE,PENDIENTE,PENDIENTE,LOCAL,Ambiente,,N/A,N/A,N/A,N/A
PRODUCCION,4500016541,30,CR10,PROV-0033,Proveedor 0033,12000148,Eudragit l30d-55,1000030929,10,2026-03-30,2026-12-26,2026-04-07,300000,G,0,2026-12-26,300000,2026-11-09,comprador-0002,A07,A Tiempo,120,450001654130,,2026-07-08,Fabricante 0059,N/A,EXW,CREDITO,,PENDIENTE,PENDIENTE,PENDIENTE,INTERNACIONAL,Ambiente,ALEMANIA,PENDIENTE,PENDIENTE,PENDIENTE,PENDIENTE
PRODUCCION,4500016541,20,CR10,PROV-0033,Proveedor 0033,12000148,Eudragit l30d-55,1000030928,10,2026-03-30,2026-10-12,2026-04-07,500000,G,0,2026-10-12,500000,2026-09-11,comprador-0002,A07,A Tiempo,45,450001654120,,2026-07-08,Fabricante 0059,N/A,EXW,CREDITO,,PENDIENTE,PENDIENTE,PENDIENTE,INTERNACIONAL,Ambiente,ALEMANIA,AEREO,PENDIENTE,PENDIENTE,PENDIENTE
PRODUCCION,4500016562,30,CR10,PROV-0005,Proveedor 0005,12000098,Sorbitol 70%,1000030941,10,2026-03-31,2027-02-02,2026-04-08,11070000,G,0,2027-02-02,11070000,2027-01-15,comprador-0002,A07,A Tiempo,158,450001656230,,2026-03-31,Fabricante 0060,,CIF,CREDITO,,PENDIENTE,PENDIENTE,PENDIENTE,INTERNACIONAL,Ambiente,GUATEMALA,TERRESTRE,PENDIENTE,PENDIENTE,PENDIENTE
PRODUCCION,4500016562,20,CR10,PROV-0005,Proveedor 0005,12000098,Sorbitol 70%,1000030940,10,2026-03-31,2026-11-21,2026-04-08,12150000,G,0,2026-11-21,12150000,2026-10-09,comprador-0002,A07,A Tiempo,85,450001656220,,2026-03-31,Fabricante 0060,,CIF,CREDITO,,PENDIENTE,PENDIENTE,PENDIENTE,INTERNACIONAL,Ambiente,GUATEMALA,TERRESTRE,PENDIENTE,PENDIENTE,PENDIENTE
PRODUCCION,4500016567,20,CR10,PROV-0042,Proveedor 0042,12000101,Tartárico ácido,1000030943,10,2026-03-31,2026-11-15,2026-04-08,1000000,G,0,2027-02-15,1000000,2026-12-08,comprador-0002,A07,A Tiempo,171,450001656720,,2026-03-31,Fabricante 0061,,CIF,CREDITO,,PENDIENTE,PENDIENTE,PENDIENTE,INTERNACIONAL,Ambiente,ITALIA,MARITIMO,PENDIENTE,PENDIENTE,PENDIENTE
PRODUCCION,4500016567,10,CR10,PROV-0042,Proveedor 0042,12000101,Tartárico ácido,1000030942,10,2026-03-31,2026-11-14,2026-04-08,1100000,G,0,2026-10-14,1100000,2026-06-19,comprador-0002,A07,A Tiempo,47,450001656710,,2026-03-31,Fabricante 0061,,CIF,CREDITO,,PENDIENTE,PENDIENTE,PENDIENTE,INTERNACIONAL,Ambiente,ITALIA,MARITIMO,PENDIENTE,PENDIENTE,PENDIENTE
PRODUCCION,4500016608,10,CR10,PROV-0015,Proveedor 0015,12000063,Magnesio estearato,1000029733,10,2026-03-16,2026-10-01,2026-04-09,750000,G,580000,2026-10-01,170000,2026-05-22,comprador-0002,A07,A Tiempo,34,450001660810,,2026-03-16,Fabricante 0062,,EXW,CREDITO,,PENDIENTE,PENDIENTE,PENDIENTE,INTERNACIONAL,Ambiente,SUIZA,MARITIMO,PENDIENTE,PENDIENTE,PENDIENTE
PRODUCCION,4500016608,20,CR10,PROV-0015,Proveedor 0015,12000063,Magnesio estearato,1000030945,10,2026-03-31,2026-12-02,2026-04-09,750000,G,0,2026-12-02,750000,2026-11-20,comprador-0002,A07,A Tiempo,96,450001660820,,2026-03-31,Fabricante 0062,,EXW,CREDITO,,PENDIENTE,PENDIENTE,PENDIENTE,INTERNACIONAL,Ambiente,SUIZA,MARITIMO,PENDIENTE,PENDIENTE,PENDIENTE
PRODUCCION,4500017237,50,CR10,PROV-0039,Proveedor 0039,12000240,Saborante naranja piña a-0509,1000031767,10,2026-04-23,2026-12-09,2026-05-18,200000,G,0,2026-12-09,200000,2026-11-23,comprador-0002,A07,A Tiempo,103,450001723750,,,Fabricante 0058,,LOCAL,CREDITO,,PENDIENTE,PENDIENTE,PENDIENTE,LOCAL,Ambiente,N/A,N/A,N/A,N/A,N/A
PRODUCCION,4500017262,10,CR10,PROV-0033,Proveedor 0033,12000070,Tricocoato de glicerilo,1000031307,10,2026-04-17,2026-09-15,2026-05-18,250000,G,0,2026-09-15,250000,2026-08-15,comprador-0002,A07,A Tiempo,18,450001726210,,,Fabricante 0063,N/A,EXW,CREDITO,,PENDIENTE,PENDIENTE,PENDIENTE,INTERNACIONAL,Ambiente,USA,,,,
PRODUCCION,4500017285,20,CR10,PROV-0005,Proveedor 0005,12000049,Goma xantán,1000031766,10,2026-04-23,2027-01-07,2026-05-19,260000,G,0,2027-01-07,260000,2027-01-07,comprador-0002,A07,A Tiempo,132,450001728520,,,,,CIF,CREDITO,,,,,INTERNACIONAL,Ambiente,,,,,
PRODUCCION,4500017594,40,CR10,PROV-0041,Proveedor 0041,12000057,Lactosa de compresión directa dcl 21,1000033648,10,2026-05-27,2027-08-18,2026-06-02,3000000,G,0,2027-07-18,3000000,2027-07-18,comprador-0002,A07,A Tiempo,324,450001759440,,2026-09-10,,N/A,LOCAL,CREDITO,,PENDIENTE,PENDIENTE,PENDIENTE,LOCAL,Ambiente,N/A,N/A,N/A,N/A,N/A
PRODUCCION,4500017594,30,CR10,PROV-0041,Proveedor 0041,12000057,Lactosa de compresión directa dcl 21,1000033647,10,2026-05-27,2027-01-17,2026-06-02,3000000,G,0,2027-04-17,3000000,2027-03-17,comprador-0002,A07,A Tiempo,232,450001759430,,2026-09-10,,N/A,LOCAL,CREDITO,,PENDIENTE,PENDIENTE,PENDIENTE,LOCAL,Ambiente,N/A,N/A,N/A,N/A,N/A
PRODUCCION,4500017594,20,CR10,PROV-0041,Proveedor 0041,12000057,Lactosa de compresión directa dcl 21,1000033646,10,2026-05-27,2026-11-16,2026-06-02,3000000,G,0,2027-11-16,3000000,2026-11-30,comprador-0002,A07,A Tiempo,445,450001759420,,2026-09-10,,N/A,LOCAL,CREDITO,,PENDIENTE,PENDIENTE,PENDIENTE,LOCAL,Ambiente,N/A,N/A,N/A,N/A,N/A
PRODUCCION,4500018112,10,CR10,PROV-0005,Proveedor 0005,12000353,Sodio benzoato,1000033092,10,2026-05-18,2026-09-26,2026-06-24,50000,G,0,2026-09-26,50000,2026-08-28,comprador-0001,A07,A Tiempo,29,450001811210,,,,,CIF,CREDITO,,PENDIENTE,PENDIENTE,PENDIENTE,INTERNACIONAL,Ambiente,,,,,
PRODUCCION,4500018209,10,CR10,PROV-0043,Proveedor 0043,12000055,Láctico ácido,1000034337,10,2026-06-17,2026-09-07,2026-06-30,5000,G,0,2026-09-07,5000,2026-08-03,comprador-0002,A07,A Tiempo,10,450001820910,,,,,LOCAL,CREDITO,,,,,LOCAL,Ambiente,,,,,
PRODUCCION,4500018255,10,CR10,PROV-0044,Proveedor 0044,12000047,Glicerina,1000034382,10,2026-06-17,2026-09-25,2026-07-01,8100000,G,0,2026-09-25,8100000,2026-09-07,comprador-0002,A07,A Tiempo,28,450001825510,,,,,LOCAL,CREDITO,,LOCAL,LOCAL,LOCAL,LOCAL,Ambiente,,,,,
PRODUCCION,4500018259,40,CR10,PROV-0045,Proveedor 0045,12000012,Celulosa microcristalina 102,1000034493,10,2026-06-17,2026-10-12,2026-07-01,2000000,G,0,2026-10-12,2000000,2026-10-12,comprador-0002,A07,A Tiempo,45,450001825940,,,,,FCA,CREDITO,,PENDIENTE,PENDIENTE,PENDIENTE,INTERNACIONAL,Ambiente,,,,,
PRODUCCION,4500018262,10,CR10,PROV-0046,Proveedor 0046,12000010,Almidón de maiz,1000034392,10,2026-06-17,2026-11-21,2026-07-01,2000000,G,0,2026-11-21,2000000,2026-11-21,comprador-0002,A07,A Tiempo,85,450001826210,,,,,LOCAL,CREDITO,,PENDIENTE,PENDIENTE,PENDIENTE,LOCAL,Ambiente,,,,,
PRODUCCION,4500018264,10,CR10,PROV-0028,Proveedor 0028,12000022,Calcio carbonato para compresión directa,1000034582,10,2026-06-18,2027-01-12,2026-07-01,300000,G,0,2027-01-12,300000,2026-11-30,comprador-0002,A07,A Tiempo,137,450001826410,,,,,LOCAL,CREDITO,,PENDIENTE,PENDIENTE,PENDIENTE,LOCAL,Ambiente,,,,,
PRODUCCION,4500018281,10,CR10,PROV-0015,Proveedor 0015,12000123,Acético glacial ácido,1000034346,10,2026-06-17,2026-09-25,2026-07-01,75000,G,0,2026-09-25,75000,2026-08-17,comprador-0002,A07,A Tiempo,28,450001828110,,,,,EXW,CREDITO,,PENDIENTE,PENDIENTE,PENDIENTE,INTERNACIONAL,Ambiente,,,,,
PRODUCCION,4500018283,10,CR10,PROV-0005,Proveedor 0005,12000200,Sucralosa (splenda),1000034352,10,2026-06-17,2026-10-20,2026-07-01,150000,G,0,2026-10-20,150000,2026-08-17,comprador-0002,A07,A Tiempo,53,450001828310,,,,,CIF,CREDITO,,,,,INTERNACIONAL,,,,,,
PRODUCCION,4500018285,10,CR10,PROV-0015,Proveedor 0015,12000351,Metilparabeno,1000034453,10,2026-06-17,2026-09-25,2026-07-01,150000,G,0,2026-09-25,150000,2026-09-25,comprador-0002,A07,A Tiempo,28,450001828510,,,,,EXW,CREDITO,,PENDIENTE,PENDIENTE,PENDIENTE,INTERNACIONAL,Ambiente,BELGICA,AEREO,PENDIENTE,PENDIENTE,PENDIENTE
PRODUCCION,4500018290,10,CR10,PROV-0043,Proveedor 0043,12000031,Clorhídrico ácido,1000034551,10,2026-06-17,2026-10-27,2026-07-01,75000,G,0,2026-10-27,75000,2026-09-04,comprador-0002,A07,A Tiempo,60,450001829010,,,,,LOCAL,CREDITO,,PENDIENTE,PENDIENTE,PENDIENTE,LOCAL,Ambiente,,,,,
PRODUCCION,4500018343,10,CR10,PROV-0033,Proveedor 0033,12000125,Estea. gliceri./alc. cetoestearil.,1000034347,10,2026-06-17,2026-09-25,2026-07-06,1575000,G,0,2026-09-25,1575000,2026-08-24,comprador-0002,A07,A Tiempo,28,450001834310,,,,,FOB,CREDITO,,PENDIENTE,PENDIENTE,PENDIENTE,INTERNACIONAL,Ambiente,BELGICA,AEREO,PENDIENTE,PENDIENTE,PENDIENTE
PRODUCCION,4500018699,10,CR10,PROV-0038,Proveedor 0038,12000297,Opadry amb ii 88a180021 blanco&#160;,1000035856,10,2026-07-20,2026-09-09,2026-07-22,10000,G,0,2026-09-09,10000,2026-07-20,comprador-0002,A07,A Tiempo,12,450001869910,,,,,CIP,CREDITO,,PENDIENTE,PENDIENTE,PENDIENTE,INTERNACIONAL,Ambiente,,,,,
PRODUCCION,4500018701,10,CR10,PROV-0047,Proveedor 0047,12000361,Cápsula novocetonil 30 mg sin inscripci,1000036201,10,2026-07-20,2026-12-02,2026-07-22,500000,UN,0,2026-12-02,500000,2026-10-23,comprador-0002,A07,A Tiempo,96,450001870110,,,,,EXW,CREDITO,,PENDIENTE,PENDIENTE,PENDIENTE,INTERNACIONAL,Ambiente,,,,,
PRODUCCION,4500018709,10,CR10,PROV-0005,Proveedor 0005,12000120,Celulosa microcristalina 302,1000035965,10,2026-07-20,2026-11-28,2026-07-23,160000,G,0,2026-11-28,160000,2026-10-01,comprador-0002,A07,A Tiempo,92,450001870910,,,,,CIF,CREDITO,,PENDIENTE,PENDIENTE,PENDIENTE,INTERNACIONAL,Ambiente,,,,,
PRODUCCION,4500018711,10,CR10,PROV-0048,Proveedor 0048,12000159,Celulosa microcristalina 101,1000034482,10,2026-06-17,2026-11-07,2026-07-23,800000,G,0,2026-11-07,800000,2026-09-01,comprador-0002,A07,A Tiempo,71,450001871110,,,,,EXW,CREDITO,,PENDIENTE,PENDIENTE,PENDIENTE,INTERNACIONAL,Ambiente,,,,,
PRODUCCION,4500018711,20,CR10,PROV-0048,Proveedor 0048,12000159,Celulosa microcristalina 101,1000033095,10,2026-05-18,2026-09-11,2026-07-23,200000,G,0,2026-09-11,200000,2026-08-10,comprador-0002,A07,A Tiempo,14,450001871120,,,,,EXW,CREDITO,,PENDIENTE,PENDIENTE,PENDIENTE,INTERNACIONAL,Ambiente,USA,AEREO,PENDIENTE,PENDIENTE,PENDIENTE
PRODUCCION,4500018715,10,CR10,PROV-0041,Proveedor 0041,12000127,Poloxamer 407,1000035963,10,2026-07-20,2026-11-19,2026-07-23,90000,G,0,2026-10-30,90000,2026-10-30,comprador-0002,A07,A Tiempo,63,450001871510,,,,N/A,LOCAL,,,PENDIENTE,PENDIENTE,PENDIENTE,LOCAL,Ambiente,N/A,N/A,N/A,N/A,N/A
PRODUCCION,4500018734,10,CR10,PROV-0028,Proveedor 0028,12000028,Carboximetilcelulosa sódica,1000036370,10,2026-07-20,2026-11-30,2026-07-24,75000,G,0,2026-11-30,75000,2026-10-30,comprador-0002,A07,A Tiempo,94,450001873410,,,,,LOCAL,,,,,,LOCAL,Ambiente,,,,,
PRODUCCION,4500018739,10,CR10,PROV-0033,Proveedor 0033,12000016,Benzóico ácido,1000035984,10,2026-07-20,2026-11-19,2026-07-24,50000,G,0,2026-11-19,50000,2026-11-19,comprador-0002,A07,A Tiempo,83,450001873910,,,,,EXW,CREDITO,,PENDIENTE,PENDIENTE,PENDIENTE,,Ambiente,,,,,
PRODUCCION,4500018742,10,CR10,PROV-0040,Proveedor 0040,12000172,Butil hidroxi anisol (bha),1000035871,10,2026-07-20,2026-10-28,2026-07-24,500,G,0,2026-10-28,500,2026-08-24,comprador-0002,A07,A Tiempo,61,450001874210,,,,,CIP,CONTADO,,PENDIENTE,PENDIENTE,PENDIENTE,INTERNACIONAL,Ambiente,,,,,
PRODUCCION,4500018833,10,CR10,PROV-0043,Proveedor 0043,12000276,Meglumina,1000037472,10,2026-07-27,2026-11-04,2026-07-28,2000,G,0,2026-11-04,2000,2026-08-31,comprador-0002,A07,A Tiempo,68,450001883310,,,,,LOCAL,,,,,,LOCAL,Ambiente,,,,,
PRODUCCION,4500016103,10,CR10,PROV-0049,Proveedor 0049,13000162,Caja Envase 120 ML. X 100 Envases,1000029520,10,2026-03-11,2026-08-30,2026-03-11,1671,UN,0,2026-08-30,1671,2026-04-16,comprador-0003,A01,A Tiempo,2,450001610310,Material entregado en Gutis 28/08,2026-03-11,,,,,,,,,LOCAL,,,,,,
PRODUCCION,4500018299,50,CR10,PROV-0050,Proveedor 0050,13001700,C. Valerpan 2 ML X 50 Ampollas (N. I),1000034794,10,2026-06-19,2026-09-16,2026-07-02,5000,UN,0,2026-09-16,5000,2026-09-16,comprador-0003,A01,A Tiempo,19,450001829950,2026-09-16,,,,,,,,,,,,,,,,
PRODUCCION,4500018299,60,CR10,PROV-0050,Proveedor 0050,13002112,C. Cypaz 50 MG/ML 3 ML X 1 Ampolla Mi,1000034757,10,2026-06-19,2026-08-18,2026-07-02,70000,UN,0,2026-08-18,70000,2026-08-18,comprador-0003,A01,Atrasado,-10,450001829960,Material en Gutis el 27/08,,,,,,,,,,,,,,,,
PRODUCCION,4500018299,70,CR10,PROV-0050,Proveedor 0050,13001763,C. Progyl X 100 Tabletas,1000034948,10,2026-06-19,2026-10-24,2026-07-02,15000,UN,0,2026-10-24,15000,2026-10-24,comprador-0003,A01,A Tiempo,57,450001829970,2026-10-24,,,,,,,,,,,,,,,,
PRODUCCION,4500018299,30,CR10,PROV-0050,Proveedor 0050,13002071,C. Telorzan X10 Tabletas Recubiertas,1000034942,10,2026-06-19,2026-10-15,2026-07-02,12000,UN,0,2026-10-15,12000,2026-10-15,comprador-0003,A01,A Tiempo,48,450001829930,2026-10-15,,,,,,,,,,,,,,,,
PRODUCCION,4500018299,10,CR10,PROV-0050,Proveedor 0050,13000531,C. Disflam Suspensión X 40 ML. Muestra,1000034946,10,2026-06-19,2026-10-20,2026-07-02,20000,UN,0,2026-10-20,20000,2026-10-20,comprador-0003,A01,A Tiempo,53,450001829910,2026-10-20,,,,,,,,,,,,,,,,
PRODUCCION,4500018859,20,CR10,PROV-0051,Proveedor 0051,13002554,Aluminio 20 µm. An. 178 MM. Norgylen Ads,1000036653,10,2026-07-20,2026-10-14,2026-07-29,300000,G,0,2026-11-27,300000,2026-09-27,comprador-0004,A04,A Tiempo,91,450001885920,2026-11-27,,,,,,,,,,,,,,,,
PRODUCCION,4500018859,10,CR10,PROV-0051,Proveedor 0051,13001037,Aluminio 20 µm. Ancho 178 MM. Primabela,1000037274,10,2026-07-20,2026-11-27,2026-07-29,100000,G,0,2026-11-27,100000,2026-09-27,comprador-0004,A04,A Tiempo,91,450001885910,2026-11-27,,,,,,,,,,,,,,,,
PRODUCCION,4500013802,10,CR10,PROV-0052,Proveedor 0052,13001807,Stick Disolflem 600. Muestra,1000025514,10,2025-11-12,2026-10-01,2025-11-26,100000,G,90000,2026-06-19,10000,2026-05-11,comprador-0004,A04,Atrasado,-70,450001380210,2026-10-16,2025-11-12,,,EXW,,,,,,INTERNACIONAL,N/A,ESPAÑA,,,,
PRODUCCION,4500015718,20,CR10,PROV-0052,Proveedor 0052,13001725,Stick Renovart [NT],1000028850,10,2026-02-19,2026-08-18,2026-02-25,300000,G,0,2026-08-18,300000,2026-08-18,comprador-0004,A04,Atrasado,-10,450001571820,2026-10-16,2026-02-19,,,EXW,,,,,,INTERNACIONAL,N/A,ESPAÑA,,,,
PRODUCCION,4500015718,50,CR10,PROV-0052,Proveedor 0052,13002062,Stick Disolflem 600 EC,1000028813,10,2026-02-19,2026-08-18,2026-02-25,300000,G,0,2026-08-18,300000,2026-08-18,comprador-0004,A04,Atrasado,-10,450001571850,2026-10-16,2026-02-19,,,EXW,,,,,,INTERNACIONAL,N/A,ESPAÑA,,,,
PRODUCCION,4500015718,60,CR10,PROV-0052,Proveedor 0052,13002004,Stick Dalivio Bebible,1000028804,10,2026-02-19,2026-08-18,2026-02-25,300000,G,0,2026-08-18,300000,2026-08-18,comprador-0004,A04,Atrasado,-10,450001571860,2026-10-16,2026-02-19,,,EXW,,,,,,INTERNACIONAL,N/A,ESPAÑA,,,,
PRODUCCION,4500015718,30,CR10,PROV-0052,Proveedor 0052,13001808,Stick  Disolflem 600,1000028844,10,2026-02-19,2026-08-18,2026-02-25,600000,G,0,2026-08-18,600000,2026-08-18,comprador-0004,A04,Atrasado,-10,450001571830,2026-10-16,2026-02-19,,,EXW,,,,,,INTERNACIONAL,N/A,ESPAÑA,,,,
PRODUCCION,4500015718,40,CR10,PROV-0052,Proveedor 0052,13001775,Stick Renovart Platinum,1000028841,10,2026-02-19,2026-04-25,2026-02-25,2000000,G,0,2026-08-18,2000000,2026-08-18,comprador-0004,A04,Atrasado,-10,450001571840,2026-10-16,2026-02-19,,,EXW,,,,,,INTERNACIONAL,N/A,ESPAÑA,,,,
PRODUCCION,4500015718,10,CR10,PROV-0052,Proveedor 0052,13001658,Stick Conrelax Plus Shot,1000028876,10,2026-02-19,2026-07-31,2026-02-25,900000,G,0,2026-08-18,900000,2026-08-18,comprador-0004,A04,Atrasado,-10,450001571810,2026-10-16,2026-02-19,,,EXW,,,,,,INTERNACIONAL,N/A,ESPAÑA,,,,
PRODUCCION,4500015975,20,CR10,PROV-0053,Proveedor 0053,13000076,Envase Vid. Amb. 30ML Gotero. Tapa 18Din,1000029343,10,2026-03-06,2027-01-15,2026-03-06,400000,UN,0,2027-01-15,400000,2027-01-15,comprador-0004,A04,A Tiempo,140,450001597520,2027-01-15,2026-03-06,,,EXW,,,,,,LOCAL,N/A,ALEMANIA,,,,
PRODUCCION,4500016335,10,CR10,PROV-0054,Proveedor 0054,13002580,Envase Plastico Hdpe Blanco 60ML Tapa28,1000029814,10,2026-03-17,2026-12-01,2026-03-25,400000,UN,0,2026-12-01,400000,2026-07-15,comprador-0004,A04,A Tiempo,95,450001633510,2026-12-01,2026-03-17,,,EXW,,,,,,INTERNACIONAL,,ALEMANIA,,,,
PRODUCCION,4500016335,20,CR10,PROV-0054,Proveedor 0054,13002581,Tapa Plástica Blanca Got. Ensamb. Tapa28,1000029813,10,2026-03-17,2026-12-01,2026-03-25,400000,UN,0,2026-12-01,400000,2026-07-15,comprador-0004,A04,A Tiempo,95,450001633520,2026-12-01,2026-03-17,,,EXW,,,,,,INTERNACIONAL,,ALEMANIA,,,,
PRODUCCION,4500016391,30,CR10,PROV-0052,Proveedor 0052,13001774,Stick Renovart Platinum. Muestra,1000029970,10,2026-03-17,2026-09-14,2026-03-27,300000,G,0,2026-09-13,300000,2026-09-13,comprador-0004,A04,A Tiempo,16,450001639130,2026-10-02,2026-03-17,,,EXW,,,,,,INTERNACIONAL,,ESPAÑA,,,,
PRODUCCION,4500016391,40,CR10,PROV-0052,Proveedor 0052,13001726,Stick Renovart ECuador [NT],1000029872,10,2026-03-17,2026-09-14,2026-03-27,500000,G,0,2026-09-13,500000,2026-09-13,comprador-0004,A04,A Tiempo,16,450001639140,2026-10-02,2026-03-17,,,EXW,,,,,,INTERNACIONAL,,ESPAÑA,,,,
PRODUCCION,4500016391,50,CR10,PROV-0052,Proveedor 0052,13001775,Stick Renovart Platinum,1000029864,10,2026-03-17,2026-07-02,2026-03-27,4000000,G,0,2026-09-13,4000000,2026-09-13,comprador-0004,A04,A Tiempo,16,450001639150,2026-10-02,2026-03-17,,,EXW,,,,,,INTERNACIONAL,,ESPAÑA,,,,
PRODUCCION,4500016391,20,CR10,PROV-0052,Proveedor 0052,13002697,Stick Alishot 500,1000030004,10,2026-03-18,2026-05-12,2026-03-27,300000,G,259000,2026-09-14,41000,2026-09-14,comprador-0004,A04,A Tiempo,17,450001639120,2026-08-21,2026-03-18,,,EXW,,,,,,INTERNACIONAL,,ESPAÑA,,,,
PRODUCCION,4500016708,20,CR10,PROV-0055,Proveedor 0055,13000001,Aluminio 20 µm. Ancho 175 MM,1000029785,10,2026-03-17,2026-07-25,2026-04-14,300000,G,0,2026-08-25,300000,2026-07-25,comprador-0004,A04,Atrasado,-3,450001670820,2026-09-18,2026-03-17,,,EXW,,,,,,INTERNACIONAL,,AUSTRIA,,,,
PRODUCCION,4500016708,10,CR10,PROV-0055,Proveedor 0055,13000084,Aluminio 20 µm Anch. 138 MM Impresión UV,1000029955,10,2026-03-17,2026-07-25,2026-04-14,1000000,G,0,2026-08-25,1000000,2026-07-25,comprador-0004,A04,Atrasado,-3,450001670810,2026-09-18,2026-03-17,,,EXW,,,,,,INTERNACIONAL,,AUSTRIA,,,,
PRODUCCION,4500016897,10,CR10,PROV-0056,Proveedor 0056,13000060,PVC 100µm + PE 30µm Candistat 1. Óvulos,1000031641,10,2026-04-20,2026-09-22,2026-04-29,100000,G,0,2026-09-22,100000,2026-09-22,comprador-0004,A04,A Tiempo,25,450001689710,2026-09-22,2026-04-20,,,,,,,,,,,,,,,
PRODUCCION,4500016909,10,CR10,PROV-0057,Proveedor 0057,13000015,Envase Vidrio Ámbar 60 ML. Tapa PFP 28,1000031426,10,2026-04-18,2026-08-17,2026-04-29,300000,UN,0,2026-08-17,300000,2026-08-17,comprador-0004,A04,Atrasado,-11,450001690910,PTE,2026-04-18,,,,,,,,,LOCAL,,,,,,
PRODUCCION,4500016910,10,CR10,PROV-0058,Proveedor 0058,13000125,Gotero Ensamblado 4211 Ma. Din 18,1000031420,10,2026-04-18,2026-09-09,2026-04-29,20000,UN,0,2026-09-09,20000,2026-09-09,comprador-0004,A04,A Tiempo,12,450001691010,PTE,2026-04-18,,,,,,,,,,,,,,,
PRODUCCION,4500016912,10,CR10,PROV-0059,Proveedor 0059,13000081,Válvula Spray Nasal 0.1 ML. 18 Din. 61Mm,1000031422,10,2026-04-18,2026-11-28,2026-04-29,50000,UN,0,2026-11-28,50000,2026-11-28,comprador-0004,A04,A Tiempo,92,450001691210,2026-11-28,2026-04-18,,,,,,,,,,,,,,,
PRODUCCION,4500016965,10,CR10,PROV-0052,Proveedor 0052,13001726,Stick Renovart ECuador [NT],1000031526,10,2026-04-18,2026-10-15,2026-05-04,300000,G,0,2026-10-15,300000,2026-10-15,comprador-0004,A04,A Tiempo,48,450001696510,2026-10-15,2026-04-18,,,,,,,,,,,,,,,
PRODUCCION,4500016965,20,CR10,PROV-0052,Proveedor 0052,13001830,Stick Conflexil Gutis Plus Shot,1000031525,10,2026-04-18,2026-09-07,2026-05-04,600000,G,0,2026-09-07,600000,2026-09-07,comprador-0004,A04,A Tiempo,10,450001696520,2026-10-15,2026-04-18,,,,,,,,,,,,,,,
PRODUCCION,4500016965,50,CR10,PROV-0052,Proveedor 0052,13002002,Stick Dalivio Bebible MM,1000031456,10,2026-04-18,2026-10-15,2026-05-04,150000,G,0,2026-10-15,150000,2026-10-15,comprador-0004,A04,A Tiempo,48,450001696550,2026-10-15,2026-04-18,,,,,,,,,,,,,,,
PRODUCCION,4500016965,60,CR10,PROV-0052,Proveedor 0052,13002004,Stick Dalivio Bebible,1000031454,10,2026-04-18,2026-10-15,2026-05-04,700000,G,0,2026-10-15,700000,2026-10-15,comprador-0004,A04,A Tiempo,48,450001696560,2026-10-15,2026-04-18,,,,,,,,,,,,,,,
PRODUCCION,4500016965,70,CR10,PROV-0052,Proveedor 0052,13002001,Stick Dalivium Bebible MM,1000031453,10,2026-04-18,2026-10-15,2026-05-04,300000,G,0,2026-10-15,300000,2026-10-15,comprador-0004,A04,A Tiempo,48,450001696570,2026-10-15,2026-04-18,,,,,,,,,,,,,,,
PRODUCCION,4500016965,30,CR10,PROV-0052,Proveedor 0052,13001658,Stick Conrelax Plus Shot,1000031519,10,2026-04-18,2026-10-15,2026-05-04,600000,G,0,2026-10-15,600000,2026-10-15,comprador-0004,A04,A Tiempo,48,450001696530,2026-10-15,2026-04-18,,,,,,,,,,,,,,,
PRODUCCION,4500016965,80,CR10,PROV-0052,Proveedor 0052,13002003,Stick Dalivium Bebible,1000031452,10,2026-04-18,2026-10-15,2026-05-04,1500000,G,0,2026-10-15,1500000,2026-10-15,comprador-0004,A04,A Tiempo,48,450001696580,2026-10-15,2026-04-18,,,,,,,,,,,,,,,
PRODUCCION,4500016965,40,CR10,PROV-0052,Proveedor 0052,13001806,Stick  Disolflem 200,1000031512,10,2026-04-18,2026-10-15,2026-05-04,300000,G,0,2026-10-15,300000,2026-10-15,comprador-0004,A04,A Tiempo,48,450001696540,2026-10-15,2026-04-18,,,,,,,,,,,,,,,
PRODUCCION,4500017039,30,CR10,PROV-0058,Proveedor 0058,13000096,Gotero Ensamb. Ksk4276/S-Typ4171. Din 18,1000031816,10,2026-04-23,2026-09-05,2026-05-06,400000,UN,0,2026-08-21,400000,2026-08-21,comprador-0004,A04,Atrasado,-7,450001703930,,2026-04-23,,,,,,,,,,,,,,,
PRODUCCION,4500017039,50,CR10,PROV-0058,Proveedor 0058,13000115,Tapa Vidri. 15 - 30ML. Con Lainer. Din18,1000032700,10,2026-05-06,2026-09-28,2026-05-06,255000,UN,0,2026-08-21,255000,2026-08-21,comprador-0004,A04,Atrasado,-7,450001703950,,2026-05-06,,,,,,,,,,,,,,,
PRODUCCION,4500017040,10,CR10,PROV-0057,Proveedor 0057,13000963,Envase Vid. Amb. 15ML Gotero. Tapa18Din,1000031814,10,2026-04-23,2026-06-27,2026-05-05,235840,UN,0,2026-08-21,235840,2026-08-21,comprador-0004,A04,Atrasado,-7,450001704010,2026-08-31,2026-04-23,,,,,,,,,LOCAL,,,,,,
PRODUCCION,4500017040,20,CR10,PROV-0057,Proveedor 0057,13000963,Envase Vid. Amb. 15ML Gotero. Tapa18Din,1000031815,10,2026-04-23,2026-10-02,2026-05-05,300000,UN,0,2026-08-21,300000,2026-08-21,comprador-0004,A04,Atrasado,-7,450001704020,2026-08-31,2026-04-23,,,,,,,,,,,,,,,
PRODUCCION,4500017075,10,CR10,PROV-0049,Proveedor 0049,13000997,Caja 43X20X100. 200 Cajas. Formato 1,1000031691,10,2026-04-21,2026-07-07,2026-05-06,500,UN,0,2026-07-07,500,2026-07-07,comprador-0003,A01,Atrasado,-52,450001707510,,,,,,,,,,,,,,,,,
PRODUCCION,4500017075,20,CR10,PROV-0049,Proveedor 0049,13000256,Caja 1 - 2 ML. X 30 Cajas X 50 Ampollas,1000031617,10,2026-04-18,2026-07-14,2026-05-06,3500,UN,0,2026-07-14,3500,2026-07-14,comprador-0003,A01,Atrasado,-45,450001707520,,,,,,,,,,,,,,,,,
PRODUCCION,4500017075,70,CR10,PROV-0049,Proveedor 0049,13000248,Caja Gotero 5 - 10ML X12 Cajas X50 Enva.,1000031391,10,2026-04-18,2026-08-10,2026-05-06,3500,UN,0,2026-08-10,3500,2026-08-10,comprador-0003,A01,Atrasado,-18,450001707570,,,,,,,,,,,,,,,,,
PRODUCCION,4500017075,30,CR10,PROV-0049,Proveedor 0049,13001976,Caja Envase 120ML X 50 Env. Con Jeringa,1000031486,10,2026-04-18,2026-06-23,2026-05-06,4000,UN,0,2026-06-23,4000,2026-06-23,comprador-0003,A01,Atrasado,-66,450001707530,Material entregado en Gutis 28/08,,,,,,,,,,,,,,,,
PRODUCCION,4500017075,40,CR10,PROV-0049,Proveedor 0049,13000160,Caja Mercado Privado Y Muestra,1000031404,10,2026-04-18,2026-07-08,2026-05-06,3000,UN,0,2026-07-08,3000,2026-07-08,comprador-0003,A01,Atrasado,-51,450001707540,Material entregado en Gutis 28/08,,,,,,,,,,,,,,,,
PRODUCCION,4500017090,10,CR10,PROV-0055,Proveedor 0055,13000086,Aluminio 20 µm Anch. 100 MM Impresión UV,1000031639,10,2026-04-20,2026-10-12,2026-05-07,1000000,G,0,2026-10-12,1000000,2026-10-12,comprador-0004,A04,A Tiempo,45,450001709010,2026-09-18,2026-04-20,,,,,,,,,,,,,,,
PRODUCCION,4500017159,10,CR10,PROV-0050,Proveedor 0050,13000541,C. Tenoxicam 20 MG X 100 Tabletas Recub.,1000032744,10,2026-05-08,2026-08-15,2026-05-12,25000,UN,0,2026-08-15,25000,2026-07-07,comprador-0003,A01,Atrasado,-13,450001715910,Material en Gutis el 01/09,,,,,,,,,,,,,,,,
PRODUCCION,4500017458,10,CR10,PROV-0055,Proveedor 0055,13000089,Aluminio 20 µm Anch. 118 MM,1000033426,10,2026-05-20,2026-09-28,2026-05-27,1500000,G,0,2026-09-28,1500000,2026-09-28,comprador-0004,A04,A Tiempo,31,450001745810,2026-09-25,,,,,,,,,,,,,,,,
PRODUCCION,4500017459,10,CR10,PROV-0060,Proveedor 0060,13000003,Ampolla 2 ML Ámbar Cerrada. Punto Fract.,1000033432,10,2026-05-20,2026-10-17,2026-05-27,800000,UN,0,2026-10-17,800000,2026-10-17,comprador-0004,A04,A Tiempo,50,450001745910,2026-10-17,,,,,,,,,,,,,,,,
PRODUCCION,4500017460,10,CR10,PROV-0058,Proveedor 0058,13000096,Gotero Ensamb. Ksk4276/S-Typ4171. Din 18,1000033244,10,2026-05-20,2026-10-17,2026-05-27,150000,UN,0,2026-10-17,150000,2026-10-17,comprador-0004,A04,A Tiempo,50,450001746010,2026-10-17,,,,,,,,,,,,,,,,
PRODUCCION,4500017462,20,CR10,PROV-0052,Proveedor 0052,13001775,Stick Renovart Platinum,1000033335,10,2026-05-20,2026-10-12,2026-05-27,3500000,G,0,2026-11-16,3500000,2026-11-16,comprador-0004,A04,A Tiempo,80,450001746220,2026-11-16,,,,,,,,,,,,,,,,
PRODUCCION,4500017462,10,CR10,PROV-0052,Proveedor 0052,13001807,Stick Disolflem 600. Muestra,1000033346,10,2026-05-20,2026-11-16,2026-05-27,100000,G,0,2026-11-16,100000,2026-11-16,comprador-0004,A04,A Tiempo,80,450001746210,2026-11-16,,,,,,,,,,,,,,,,
PRODUCCION,4500017489,20,CR10,PROV-0061,Proveedor 0061,13000019,PVC 300 Micras Transparente. 175 MM,1000033423,10,2026-05-20,2026-09-17,2026-06-01,1000000,G,0,2026-09-17,1000000,2026-09-17,comprador-0004,A04,A Tiempo,20,450001748920,2026-09-17,,,,,,,,,,,,,,,,
PRODUCCION,4500017489,30,CR10,PROV-0061,Proveedor 0061,13001040,PVC - PVDC 40G/M2 250 µm. Ancho 188 MM,1000033402,10,2026-05-20,2026-09-17,2026-06-01,1000000,G,0,2026-09-17,1000000,2026-09-17,comprador-0004,A04,A Tiempo,20,450001748930,2026-09-17,,,,,,,,,,,,,,,,
PRODUCCION,4500017489,50,CR10,PROV-0061,Proveedor 0061,13001094,PVC-PVDC 40G/M2 Blanco 250 µm. 106 MM,1000033391,10,2026-05-20,2026-09-17,2026-06-01,500000,G,0,2026-09-17,500000,2026-09-17,comprador-0004,A04,A Tiempo,20,450001748950,2026-09-17,,,,,,,,,,,,,,,,
PRODUCCION,4500017596,10,CR10,PROV-0062,Proveedor 0062,13001091,PVC-PE-PVDC 60G/M2 Blanco 250 µm. 124 MM,1000033390,10,2026-05-20,2026-11-17,2026-06-02,8000000,G,0,2026-11-17,8000000,2026-11-17,comprador-0004,A04,A Tiempo,81,450001759610,2026-09-07,,,,,,,,,,,,,,,,
PRODUCCION,4500017660,40,CR10,PROV-0050,Proveedor 0050,13000303,C. Bicorpan CRema X 15 G,1000033442,10,2026-05-20,2026-09-21,2026-06-04,65000,UN,0,2026-09-21,65000,2026-09-21,comprador-0003,A01,A Tiempo,24,450001766040,2026-09-21,,,,,,,,,,,,,,,,
PRODUCCION,4500017660,30,CR10,PROV-0050,Proveedor 0050,13000389,C. Evanylgutis X 100 Supositorios,1000033533,10,2026-05-21,2026-09-09,2026-06-04,5000,UN,0,2026-09-09,5000,2026-09-09,comprador-0003,A01,A Tiempo,12,450001766030,2026-09-09,,,,,,,,,,,,,,,,
PRODUCCION,4500017660,20,CR10,PROV-0050,Proveedor 0050,13000307,C. Candistat 1 X 1 Óvulo. MM,1000033192,10,2026-05-20,2026-08-26,2026-06-04,15000,UN,0,2026-08-26,15000,2026-08-26,comprador-0003,A01,Atrasado,-2,450001766020,Material en Gutis el 01/09,,,,,,,,,,,,,,,,
PRODUCCION,4500017660,10,CR10,PROV-0050,Proveedor 0050,13000351,C. Disflam Gel X 5 G. MM,1000033438,10,2026-05-20,2026-08-26,2026-06-04,15000,UN,0,2026-08-26,15000,2026-08-26,comprador-0003,A01,Atrasado,-2,450001766010,Material en Gutis el 01/09,,,,,,,,,,,,,,,,
PRODUCCION,4500017669,10,CR10,PROV-0049,Proveedor 0049,13000211,Caja Blister # 2. X 40 Cajas X50 Blister,1000033206,10,2026-05-20,2026-09-20,2026-06-04,1500,UN,0,2026-09-20,1500,2026-09-20,comprador-0003,A01,A Tiempo,23,450001766910,,,,,,,,,,,,,,,,,
PRODUCCION,4500017670,20,CR10,PROV-0049,Proveedor 0049,13002044,P. Valerpan (Doblado),1000033318,10,2026-05-20,2026-08-01,2026-06-04,550000,UN,0,2026-08-20,550000,2026-08-20,comprador-0003,A01,Atrasado,-8,450001767020,Material entregado el 01/09,,,,,,,,,,,,,,,,
PRODUCCION,4500017676,10,CR10,PROV-0061,Proveedor 0061,13000092,PVC-PVDC 40G/M2 250 µm. 106 MM,1000033820,10,2026-06-02,2026-11-07,2026-06-05,791000,G,777000,2026-11-07,14000,2026-11-07,comprador-0004,A04,A Tiempo,71,450001767610,2026-08-28,,,,,,,,,,,,,,,,
PRODUCCION,4500017695,120,CR10,PROV-0049,Proveedor 0049,13001798,C. Disolflem 600 X 2 Sticks. Muestra,1000033538,10,2026-05-21,2026-09-21,2026-06-05,60000,UN,0,2026-09-21,60000,2026-09-21,comprador-0003,A01,A Tiempo,24,4500017695120,,,,,,,,,,,,,,,,,
PRODUCCION,4500017695,70,CR10,PROV-0049,Proveedor 0049,13000450,C. Proxetina 20 MG X 30 Cápsulas,1000033460,10,2026-05-20,2026-09-04,2026-06-05,800000,UN,0,2026-09-04,800000,2026-09-04,comprador-0003,A01,A Tiempo,7,450001769570,Material Listo desde el 24/08,,,,,,,,,,,,,,,,
PRODUCCION,4500017695,150,CR10,PROV-0049,Proveedor 0049,13000630,C. Lorazepam 2 MG X 100 Tabletas,1000033546,10,2026-05-21,2026-10-10,2026-06-05,50000,UN,0,2026-10-10,50000,2026-10-10,comprador-0003,A01,A Tiempo,43,4500017695150,,,,,,,,,,,,,,,,,
PRODUCCION,4500017695,60,CR10,PROV-0049,Proveedor 0049,13000596,C. Novo Cetonil 15 X 30 Cápsulas,1000033543,10,2026-05-21,2026-10-20,2026-06-05,5000,UN,0,2026-10-20,5000,2026-10-20,comprador-0003,A01,A Tiempo,53,450001769560,,,,,,,,,,,,,,,,,
PRODUCCION,4500017697,130,CR10,PROV-0050,Proveedor 0050,13000360,C. Candistat X 3 Óvulos,1000033237,10,2026-05-20,2026-08-26,2026-06-05,20000,UN,0,2026-08-26,20000,2026-08-26,comprador-0003,A01,Atrasado,-2,4500017697130,2026-09-04,,,,,,,,,,,,,,,,
PRODUCCION,4500017697,90,CR10,PROV-0050,Proveedor 0050,13001676,C. Clembroxil Flem PED X 40 ML MM,1000033435,10,2026-05-20,2026-09-02,2026-06-05,6000,UN,0,2026-09-02,6000,2026-09-02,comprador-0003,A01,A Tiempo,5,450001769790,2026-09-02,,,,,,,,,,,,,,,,
PRODUCCION,4500017697,120,CR10,PROV-0050,Proveedor 0050,13001941,C. Clembroxil Flem PED X 120 ML. EC,1000033444,10,2026-05-20,2026-09-02,2026-06-05,30000,UN,0,2026-09-02,30000,2026-09-02,comprador-0003,A01,A Tiempo,5,4500017697120,Material en Gutis el 01/09,,,,,,,,,,,,,,,,
PRODUCCION,4500017697,100,CR10,PROV-0050,Proveedor 0050,13002151,C. Biotos Inmune SO Ped EC x 40 ml MM,1000033292,10,2026-05-20,2026-08-26,2026-06-05,35000,UN,0,2026-08-26,35000,2026-08-26,comprador-0003,A01,Atrasado,-2,4500017697100,Material en Gutis el 01/09,,,,,,,,,,,,,,,,
PRODUCCION,4500017698,20,CR10,PROV-0063,Proveedor 0063,13002130,E. Biotos Inmune SO x 40 ml MM EC,1000033516,10,2026-05-21,2026-10-10,2026-06-05,30000,UN,0,2026-10-10,30000,2026-10-10,comprador-0003,A01,A Tiempo,43,450001769820,2026-10-10,,,,,,,,,,,,,,,,
PRODUCCION,4500017698,110,CR10,PROV-0063,Proveedor 0063,13001523,E. Femgyl X 1 ML.,1000033352,10,2026-05-20,2026-08-18,2026-06-05,350000,UN,0,2026-08-18,350000,2026-08-18,comprador-0003,A01,Atrasado,-10,4500017698110,2026-09-04,,,,,,,,,,,,,,,,
PRODUCCION,4500017731,50,CR10,PROV-0050,Proveedor 0050,13002012,P. Dalivio Bebible,1000033493,10,2026-05-20,2026-09-23,2026-06-08,110000,UN,0,2026-09-23,110000,2026-09-23,comprador-0003,A01,A Tiempo,26,450001773150,2026-09-23,,,,,,,,,,,,,,,,
PRODUCCION,4500017780,10,CR10,PROV-0064,Proveedor 0064,13001776,C. Renovart Platinum X 2 Sticks. Muestra,1000033542,10,2026-05-21,2026-10-15,2026-06-09,65000,UN,0,2026-10-15,65000,2026-10-15,comprador-0003,A01,A Tiempo,48,450001778010,Listo coordinando transporte,Material listo el 20/08 se asigno transporte el 31/08,,,Exw,,,Listo,,,INTERNACIONAL,No,Mexico,Terrestre,2026-09-22,No,No
PRODUCCION,4500017780,50,CR10,PROV-0064,Proveedor 0064,13002006,C. Dalivium Bebible X 50 Sticks,1000033495,10,2026-05-20,2026-09-23,2026-06-09,50000,UN,0,2026-09-23,50000,2026-09-23,comprador-0003,A01,A Tiempo,26,450001778050,Listo coordinando transporte,Material listo el 20/08 se asigno transporte el 31/08,,,Exw,,,Listo,,,INTERNACIONAL,No,Mexico,Terrestre,2026-09-22,No,No
PRODUCCION,4500017780,30,CR10,PROV-0064,Proveedor 0064,13002386,C. Renovart Platinum CR X 15 Sticks,1000033522,10,2026-05-21,2026-10-13,2026-06-09,25000,UN,0,2026-10-13,25000,2026-10-13,comprador-0003,A01,A Tiempo,46,450001778030,Listo coordinando transporte,Material listo el 20/08 se asigno transporte el 31/08,,,Exw,,,Listo,,,INTERNACIONAL,No,Mexico,Terrestre,2026-09-22,No,No
PRODUCCION,4500017780,20,CR10,PROV-0064,Proveedor 0064,13002007,C. Dalivium Bebible X 10 Sticks,1000033539,10,2026-05-21,2026-09-23,2026-06-09,100000,UN,0,2026-09-23,100000,2026-09-23,comprador-0003,A01,A Tiempo,26,450001778020,Listo coordinando transporte,Material listo el 20/08 se asigno transporte el 31/08,,,Exw,,,Listo,,,INTERNACIONAL,No,Mexico,Terrestre,2026-09-22,No,No
PRODUCCION,4500017898,10,CR10,PROV-0049,Proveedor 0049,13000256,Caja 1 - 2 ML. X 30 Cajas X 50 Ampollas,1000034095,10,2026-06-11,2026-07-02,2026-06-12,1454,UN,0,2026-07-02,1454,2026-07-02,comprador-0003,A01,Atrasado,-57,450001789810,2026-09-25,,,,,,,,,,,,,,,,
PRODUCCION,4500018028,10,CR10,PROV-0058,Proveedor 0058,13000116,Got. Plást. Grad. 0.5/1ML. 10Cm. Sin Ro.,1000034572,10,2026-06-18,2026-06-23,2026-06-18,100000,UN,0,2026-10-16,100000,2026-10-16,comprador-0004,A04,A Tiempo,49,450001802810,2026-10-16,,,,,,,,,,,,,,,,
PRODUCCION,4500018120,10,CR10,PROV-0065,Proveedor 0065,13000054,Tubo Gynestar. CRema. X 40 G,1000034937,10,2026-06-19,2027-01-25,2026-06-25,400000,UN,0,2027-01-25,400000,2026-11-25,comprador-0004,A04,A Tiempo,150,450001812010,2026-01-25,,,,,,,,,,,,,,,,
PRODUCCION,4500018120,20,CR10,PROV-0065,Proveedor 0065,13000054,Tubo Gynestar. CRema. X 40 G,1000034621,10,2026-06-19,2026-10-17,2026-06-25,400000,UN,0,2026-10-17,400000,2026-08-17,comprador-0004,A04,A Tiempo,50,450001812020,2026-10-17,,,,,,,,,,,,,,,,
PRODUCCION,4500018121,10,CR10,PROV-0066,Proveedor 0066,13000021,SubTapa Gotero Plásti. Estéril 5-10-15Ml,1000034909,10,2026-06-19,2026-12-16,2026-06-25,250000,UN,0,2026-12-16,250000,2026-10-16,comprador-0004,A04,A Tiempo,110,450001812110,2026-12-16,,,,,,,,,,,,,,,,
PRODUCCION,4500018123,10,CR10,PROV-0067,Proveedor 0067,13000981,Apli. Vagin. Calibra. 1G A 5G. 40G. Indi,1000034844,10,2026-06-19,2026-09-28,2026-06-25,400000,UN,0,2026-09-28,400000,2026-07-28,comprador-0004,A04,A Tiempo,31,450001812310,2026-09-28,,,,,,,,,,,,,,,,
PRODUCCION,4500018124,10,CR10,PROV-0051,Proveedor 0051,13001036,Aluminio 20 µm. Ancho 178 MM. Emma,1000034914,10,2026-06-19,2026-11-13,2026-06-25,100000,G,0,2026-11-13,100000,2026-09-13,comprador-0004,A04,A Tiempo,77,450001812410,2026-11-13,,,,,,,,,,,,,,,,
PRODUCCION,4500018126,10,CR10,PROV-0055,Proveedor 0055,13000086,Aluminio 20 µm Anch. 100 MM Impresión UV,1000034912,10,2026-06-19,2026-11-21,2026-06-25,1000000,G,0,2026-11-21,1000000,2026-09-12,comprador-0004,A04,A Tiempo,85,450001812610,2026-11-21,,,,,,,,,,,,,,,,
PRODUCCION,4500018126,20,CR10,PROV-0055,Proveedor 0055,13000001,Aluminio 20 µm. Ancho 175 MM,1000034691,10,2026-06-19,2026-11-12,2026-06-25,200000,G,0,2026-11-12,200000,2026-09-12,comprador-0004,A04,A Tiempo,76,450001812620,2026-11-12,,,,,,,,,,,,,,,,
PRODUCCION,4500018127,10,CR10,PROV-0052,Proveedor 0052,13001726,Stick Renovart ECuador [NT],1000034804,10,2026-06-19,2026-12-16,2026-06-25,300000,G,0,2026-12-16,300000,2026-10-16,comprador-0004,A04,A Tiempo,110,450001812710,2026-12-16,,,,,,,,,,,,,,,,
PRODUCCION,4500018127,20,CR10,PROV-0052,Proveedor 0052,13001830,Stick Conflexil Gutis Plus Shot,1000034793,10,2026-06-19,2026-12-16,2026-06-25,900000,G,0,2026-12-16,900000,2026-10-16,comprador-0004,A04,A Tiempo,110,450001812720,2026-12-16,,,,,,,,,,,,,,,,
PRODUCCION,4500018127,30,CR10,PROV-0052,Proveedor 0052,13001808,Stick  Disolflem 600,1000034791,10,2026-06-19,2026-11-20,2026-06-25,900000,G,0,2026-12-16,900000,2026-10-16,comprador-0004,A04,A Tiempo,110,450001812730,2026-12-16,,,,,,,,,,,,,,,,
PRODUCCION,4500018128,20,CR10,PROV-0062,Proveedor 0062,13001090,PVC-PE-PVDC 60G/M2 Blanco 250 µm. 106 MM,1000034839,10,2026-06-19,2026-09-22,2026-06-25,2500000,G,0,2026-10-17,2500000,2026-09-28,comprador-0004,A04,A Tiempo,50,450001812820,2026-10-17,,,,,,,,,,,,,,,,
PRODUCCION,4500018128,10,CR10,PROV-0062,Proveedor 0062,13001090,PVC-PE-PVDC 60G/M2 Blanco 250 µm. 106 MM,1000034843,10,2026-06-19,2026-11-28,2026-06-25,3000000,G,0,2026-11-28,3000000,2026-09-28,comprador-0004,A04,A Tiempo,92,450001812810,2026-11-28,,,,,,,,,,,,,,,,
PRODUCCION,4500018177,20,CR10,PROV-0068,Proveedor 0068,13000006,Copa DOsificadora Graduada. Tapa PFP 28,1000034932,10,2026-06-19,2026-10-17,2026-06-29,612000,UN,0,2026-10-17,612000,2026-08-17,comprador-0004,A04,A Tiempo,50,450001817720,2026-10-17,,,,,,,,,,,,,,,,
PRODUCCION,4500018199,10,CR10,PROV-0063,Proveedor 0063,13002240,E. Minox 0.5mg/ml 1 ml,1000034952,10,2026-06-19,2026-11-18,2026-06-30,75000,UN,0,2026-11-18,75000,2026-11-18,comprador-0003,A01,A Tiempo,82,450001819910,2026-11-18,,,,,,,,,,,,,,,,
PRODUCCION,4500018205,30,CR10,PROV-0050,Proveedor 0050,13000829,E. Disflam Suspensión X 40 ML. Muestra,1000034945,10,2026-06-19,2026-10-20,2026-06-30,25000,UN,0,2026-10-20,25000,2026-10-20,comprador-0003,A01,A Tiempo,53,450001820530,2026-10-20,,,,,,,,,,,,,,,,
PRODUCCION,4500018205,20,CR10,PROV-0050,Proveedor 0050,13002556,E. Joy Susp X 120 ML,1000034947,10,2026-06-19,2026-10-20,2026-06-30,6000,UN,0,2026-10-20,6000,2026-10-20,comprador-0003,A01,A Tiempo,53,450001820520,2026-10-20,,,,,,,,,,,,,,,,
PRODUCCION,4500018205,10,CR10,PROV-0050,Proveedor 0050,13002555,E. Joy Susp X 40 ML,1000034956,10,2026-06-19,2026-10-20,2026-06-30,20000,UN,0,2026-10-20,20000,2026-10-20,comprador-0003,A01,A Tiempo,53,450001820510,2026-10-20,,,,,,,,,,,,,,,,
PRODUCCION,4500018212,10,CR10,PROV-0049,Proveedor 0049,13002557,C. Joy Susp X 40 ML,1000034955,10,2026-06-19,2026-10-20,2026-06-30,15000,UN,0,2026-10-20,15000,2026-10-20,comprador-0003,A01,A Tiempo,53,450001821210,,,,,,,,,,,,,,,,,
PRODUCCION,4500018212,20,CR10,PROV-0049,Proveedor 0049,13001049,C. Emma X 28 Tabletas Recubiertas,1000034949,10,2026-06-19,2026-11-16,2026-06-30,25000,UN,0,2026-11-16,25000,2026-11-16,comprador-0003,A01,A Tiempo,80,450001821220,,,,,,,,,,,,,,,,,
PRODUCCION,4500018212,30,CR10,PROV-0049,Proveedor 0049,13000487,C. Primabela X 21 Tabletas Recubiertas,1000034943,10,2026-06-19,2026-10-15,2026-06-30,110000,UN,0,2026-10-15,110000,2026-10-15,comprador-0003,A01,A Tiempo,48,450001821230,,,,,,,,,,,,,,,,,
PRODUCCION,4500018212,40,CR10,PROV-0049,Proveedor 0049,13002227,C. Vitanol 50 MG X 100 Tab CCSS,1000034939,10,2026-06-19,2026-09-30,2026-06-30,200000,UN,0,2026-09-30,200000,2026-09-30,comprador-0003,A01,A Tiempo,33,450001821240,,,,,,,,,,,,,,,,,
PRODUCCION,4500018222,20,CR10,PROV-0050,Proveedor 0050,13000877,P. Depax - Sertralina 50 MG,1000034934,10,2026-06-19,2026-09-14,2026-06-30,30000,UN,0,2026-09-14,30000,2026-09-14,comprador-0003,A01,A Tiempo,17,450001822220,2026-09-14,,,,,,,,,,,,,,,,
PRODUCCION,4500018222,30,CR10,PROV-0050,Proveedor 0050,13000881,P. Proxetina 20 MG,1000034856,10,2026-06-19,2026-09-09,2026-06-30,200000,UN,0,2026-09-09,200000,2026-09-09,comprador-0003,A01,A Tiempo,12,450001822230,2026-09-09,,,,,,,,,,,,,,,,
PRODUCCION,4500018222,60,CR10,PROV-0050,Proveedor 0050,13000489,Carterita Primabela X 21 Tabletas,1000034905,10,2026-06-19,2026-10-15,2026-06-30,220000,UN,0,2026-10-15,220000,2026-10-15,comprador-0003,A01,A Tiempo,48,450001822260,2026-10-15,,,,,,,,,,,,,,,,
PRODUCCION,4500018226,20,CR10,PROV-0069,Proveedor 0069,13000294,División Tubos 10 G Y 15 G X 50 Tubos,1000034642,10,2026-06-19,2026-09-19,2026-06-30,3500,UN,0,2026-09-19,3500,2026-09-19,comprador-0003,A01,A Tiempo,22,450001822620,2026-09-19,,,,,,,,,,,,,,,,
PRODUCCION,4500018269,40,CR10,PROV-0050,Proveedor 0050,13002612,C. Ligerezza 150 MG X 10 Tab MM,1000035060,10,2026-06-25,2026-10-10,2026-07-01,5000,UN,0,2026-10-10,5000,2026-10-10,comprador-0003,A01,A Tiempo,43,450001826940,2026-10-10,,,,,,,,,,,,,,,,
PRODUCCION,4500018269,30,CR10,PROV-0050,Proveedor 0050,13002615,C. Ligerezza 300 MG X 10 Tab MM,1000035070,10,2026-06-25,2026-10-10,2026-07-01,6000,UN,0,2026-10-10,6000,2026-10-10,comprador-0003,A01,A Tiempo,43,450001826930,2026-10-10,,,,,,,,,,,,,,,,
PRODUCCION,4500018269,20,CR10,PROV-0050,Proveedor 0050,13002611,C. Ligerezza 150 MG X 30 Tab,1000035071,10,2026-06-25,2026-10-10,2026-07-01,4000,UN,0,2026-10-10,4000,2026-10-10,comprador-0003,A01,A Tiempo,43,450001826920,2026-10-10,,,,,,,,,,,,,,,,
PRODUCCION,4500018269,10,CR10,PROV-0050,Proveedor 0050,13002614,C. Ligerezza 300 MG X 30 Tab,1000035069,10,2026-06-25,2026-10-10,2026-07-01,5000,UN,0,2026-10-10,5000,2026-10-10,comprador-0003,A01,A Tiempo,43,450001826910,2026-10-10,,,,,,,,,,,,,,,,
PRODUCCION,4500018270,20,CR10,PROV-0061,Proveedor 0061,13000095,PVC-PE-PVDC 60G/M2 250 µm. Ancho 124 MM,1000028721,10,2026-02-19,2026-12-04,2026-07-01,1056000,G,0,2026-10-05,1056000,2026-08-05,comprador-0004,A04,A Tiempo,38,450001827020,2026-10-05,,,,,,,,,,,,,,,,
PRODUCCION,4500018270,10,CR10,PROV-0061,Proveedor 0061,13000094,PVC-PE-PVDC 60G/M2 250 µm. Ancho 106 MM,1000028742,10,2026-02-19,2026-12-04,2026-07-01,920000,G,0,2026-10-05,920000,2026-08-05,comprador-0004,A04,A Tiempo,38,450001827010,2026-10-05,,,,,,,,,,,,,,,,
PRODUCCION,4500018296,10,CR10,PROV-0064,Proveedor 0064,13001723,C. Renovart X 30 Sticks EC. [NT],1000034954,10,2026-06-19,2026-11-25,2026-07-02,10000,UN,0,2026-10-01,10000,2026-10-01,comprador-0003,A01,A Tiempo,34,450001829610,Listo coordinando transporte,Material listo el 20/08 se asigno transporte el 31/08,,,Exw,,,Listo,,,INTERNACIONAL,No,Mexico,Terrestre,2026-09-22,No,No
PRODUCCION,4500018297,10,CR10,PROV-0049,Proveedor 0049,13000248,Caja Gotero 5 - 10ML X12 Cajas X50 Enva.,1000034652,10,2026-06-19,2026-09-08,2026-07-02,2000,UN,0,2026-09-08,2000,2026-09-08,comprador-0003,A01,A Tiempo,11,450001829710,,,,,,,,,,,,,,,,,
PRODUCCION,4500018301,10,CR10,PROV-0070,Proveedor 0070,13001799,C. Disolflem 600 X 10 Sticks.,1000034944,10,2026-06-19,2026-10-20,2026-07-02,100000,UN,0,2026-10-20,100000,2026-10-20,comprador-0003,A01,A Tiempo,53,450001830110,2026-10-20,,,,,,,,,,,,,,,,
PRODUCCION,4500018418,10,CR10,PROV-0063,Proveedor 0063,13000769,E. Vitamina D3 10.000 U.I./ML X 30 ML,1000034895,10,2026-06-19,2026-08-08,2026-07-07,235000,UN,0,2026-07-31,235000,2026-07-31,comprador-0003,A01,Atrasado,-28,450001841810,2026-09-04,,,,,,,,,,,,,,,,
PRODUCCION,4500018670,10,CR10,PROV-0049,Proveedor 0049,13000282,Caja Envase  60 ML X30 - 120 ML X24,1000037371,10,2026-07-21,2026-08-26,2026-07-21,666,UN,0,2026-08-26,666,2026-08-26,comprador-0003,A01,Atrasado,-2,450001867010,,,,,,,,,,,,,,,,,
PRODUCCION,4500018841,70,CR10,PROV-0050,Proveedor 0050,13001047,Carterita Emma X 28 Tabletas,1000037045,10,2026-07-20,2026-11-19,2026-07-29,50000,UN,0,2026-11-19,50000,2026-11-19,comprador-0003,A01,A Tiempo,83,450001884170,2026-11-19,,,,,,,,,,,,,,,,
PRODUCCION,4500018841,60,CR10,PROV-0050,Proveedor 0050,13002063,P. Mupiral Ungüento,1000036765,10,2026-07-20,2026-10-14,2026-07-29,200000,UN,0,2026-10-14,200000,2026-10-14,comprador-0003,A01,A Tiempo,47,450001884160,2026-10-14,,,,,,,,,,,,,,,,
PRODUCCION,4500018841,50,CR10,PROV-0050,Proveedor 0050,13001996,P. Dalivio,1000036817,10,2026-07-20,2026-09-03,2026-07-29,10000,UN,0,2026-09-03,10000,2026-09-03,comprador-0003,A01,A Tiempo,6,450001884150,Material Listo // entrega 27/08,,,,,,,,,,,,,,,,
PRODUCCION,4500018841,40,CR10,PROV-0050,Proveedor 0050,13001834,P. Conflexil Gutis Plus Shot,1000036887,10,2026-07-20,2026-09-16,2026-07-29,25000,UN,0,2026-09-16,25000,2026-09-16,comprador-0003,A01,A Tiempo,19,450001884140,2026-09-16,,,,,,,,,,,,,,,,
PRODUCCION,4500018841,30,CR10,PROV-0050,Proveedor 0050,13000897,P. Telorzan,1000037036,10,2026-07-20,2026-10-14,2026-07-29,16000,UN,0,2026-10-14,16000,2026-10-14,comprador-0003,A01,A Tiempo,47,450001884130,2026-10-14,,,,,,,,,,,,,,,,
PRODUCCION,4500018841,20,CR10,PROV-0050,Proveedor 0050,13000886,P. Primabela,1000037089,10,2026-07-20,2026-10-14,2026-07-29,300000,UN,0,2026-10-14,300000,2026-10-14,comprador-0003,A01,A Tiempo,47,450001884120,2026-10-14,,,,,,,,,,,,,,,,
PRODUCCION,4500018841,10,CR10,PROV-0050,Proveedor 0050,13000877,P. Depax - Sertralina 50 MG,1000037398,10,2026-07-22,2026-09-05,2026-07-29,120000,UN,0,2026-09-05,120000,2026-09-05,comprador-0003,A01,A Tiempo,8,450001884110,Material Listo // entrega 27/08,,,,,,,,,,,,,,,,
PRODUCCION,4500018852,10,CR10,PROV-0071,Proveedor 0071,13000069,PVC 100µm + PE 30µm Evanyl Gutis. Sup.,1000037422,10,2026-07-22,2027-05-28,2026-07-29,550000,G,0,2027-05-28,550000,2027-03-28,comprador-0004,A04,A Tiempo,273,450001885210,2026-09-18,,,,,,,,,,,,,,,,
PRODUCCION,4500018852,20,CR10,PROV-0071,Proveedor 0071,13000069,PVC 100µm + PE 30µm Evanyl Gutis. Sup.,1000036604,10,2026-07-20,2026-12-14,2026-07-29,800000,G,0,2026-12-14,800000,2026-10-14,comprador-0004,A04,A Tiempo,108,450001885220,2026-09-18,,,,,,,,,,,,,,,,
PRODUCCION,4500018855,30,CR10,PROV-0054,Proveedor 0054,13002580,Envase Plastico Hdpe Blanco 60ML Tapa28,1000037418,10,2026-07-22,2027-06-28,2026-07-29,400000,UN,0,2027-06-28,400000,2027-04-28,comprador-0004,A04,A Tiempo,304,450001885530,2026-06-28,,,,,,,,,,,,,,,,
PRODUCCION,4500018855,10,CR10,PROV-0054,Proveedor 0054,13002581,Tapa Plástica Blanca Got. Ensamb. Tapa28,1000037420,10,2026-07-22,2027-06-28,2026-07-29,400000,UN,0,2027-06-28,400000,2027-04-28,comprador-0004,A04,A Tiempo,304,450001885510,2026-06-28,,,,,,,,,,,,,,,,
PRODUCCION,4500018856,30,CR10,PROV-0062,Proveedor 0062,13001040,PVC - PVDC 40G/M2 250 µm. Ancho 188 MM,1000037039,10,2026-07-20,2026-11-17,2026-07-29,1000000,G,0,2026-11-17,1000000,2026-09-17,comprador-0004,A04,A Tiempo,81,450001885630,2026-11-17,,,,,,,,,,,,,,,,
PRODUCCION,4500018856,20,CR10,PROV-0062,Proveedor 0062,13000093,PVC-PVDC 40G/M2 250 µm. 124 MM,1000037275,10,2026-07-20,2026-11-17,2026-07-29,1500000,G,0,2026-11-17,1500000,2026-09-17,comprador-0004,A04,A Tiempo,81,450001885620,2026-12-07,,,,,,,,,,,,,,,,
PRODUCCION,4500018856,10,CR10,PROV-0062,Proveedor 0062,13000019,PVC 300 Micras Transparente. 175 MM,1000037414,10,2026-07-22,2026-12-07,2026-07-29,2000000,G,0,2026-12-07,2000000,2026-10-07,comprador-0004,A04,A Tiempo,101,450001885610,2026-11-17,,,,,,,,,,,,,,,,
PRODUCCION,4500018863,30,CR10,PROV-0060,Proveedor 0060,13000004,Ampolla 3 ML Ámbar Cerrada. Punto Fract.,1000037276,10,2026-07-20,2026-12-17,2026-07-29,1000000,UN,0,2026-12-17,1000000,2026-10-17,comprador-0004,A04,A Tiempo,111,450001886330,2026-12-17,,,,,,,,,,,,,,,,
PRODUCCION,4500018863,10,CR10,PROV-0060,Proveedor 0060,13000002,Ampolla 1 ML Ámbar Cerrada. Punto Fract.,1000037413,10,2026-07-22,2027-01-25,2026-07-29,2000000,UN,0,2027-01-25,2000000,2025-11-25,comprador-0004,A04,A Tiempo,150,450001886310,2026-01-25,,,,,,,,,,,,,,,,
PRODUCCION,4500018863,20,CR10,PROV-0060,Proveedor 0060,13000003,Ampolla 2 ML Ámbar Cerrada. Punto Fract.,1000037348,10,2026-07-20,2026-12-17,2026-07-29,1500000,UN,0,2026-12-17,1500000,2026-10-17,comprador-0004,A04,A Tiempo,111,450001886320,2026-12-17,,,,,,,,,,,,,,,,
PRODUCCION,4500018866,10,CR10,PROV-0052,Proveedor 0052,13001658,Stick Conrelax Plus Shot,1000036913,10,2026-07-20,2027-01-16,2026-07-29,900000,G,0,2027-01-16,900000,2026-11-16,comprador-0004,A04,A Tiempo,141,450001886610,2026-01-16,,,,,,,,,,,,,,,,
PRODUCCION,4500018866,20,CR10,PROV-0052,Proveedor 0052,13001775,Stick Renovart Platinum,1000036893,10,2026-07-20,2027-01-16,2026-07-29,3000000,G,0,2027-01-16,3000000,2026-11-16,comprador-0004,A04,A Tiempo,141,450001886620,2026-01-16,,,,,,,,,,,,,,,,
PRODUCCION,4500018866,30,CR10,PROV-0052,Proveedor 0052,13002003,Stick Dalivium Bebible,1000036832,10,2026-07-20,2027-01-16,2026-07-29,2000000,G,0,2027-01-16,2000000,2026-11-16,comprador-0004,A04,A Tiempo,141,450001886630,2026-01-16,,,,,,,,,,,,,,,,
PRODUCCION,4500018873,50,CR10,PROV-0049,Proveedor 0049,13000453,C. Valvicic X 42 Tabletas Recubiertas,1000037176,10,2026-07-20,2026-10-14,2026-07-29,1500,UN,0,2026-10-14,1500,2026-10-14,comprador-0003,A01,A Tiempo,47,450001887350,,,,,,,,,,,,,,,,,
PRODUCCION,4500018873,20,CR10,PROV-0049,Proveedor 0049,13002099,C. Depax X 28 Tabletas Rec,1000036769,10,2026-07-20,2026-09-02,2026-07-29,130000,UN,0,2026-09-02,130000,2026-09-02,comprador-0003,A01,A Tiempo,5,450001887320,,,,,,,,,,,,,,,,,
PRODUCCION,4500018873,10,CR10,PROV-0049,Proveedor 0049,13000451,C. Valvicic X 2 Tabletas Recubiertas. MM,1000037179,10,2026-07-20,2026-10-14,2026-07-29,4000,UN,0,2026-10-14,4000,2026-10-14,comprador-0003,A01,A Tiempo,47,450001887310,,,,,,,,,,,,,,,,,
PRODUCCION,4500018873,40,CR10,PROV-0049,Proveedor 0049,13000541,C. Tenoxicam 20 MG X 100 Tabletas Recub.,1000037092,10,2026-07-20,2026-10-13,2026-07-29,70000,UN,0,2026-09-30,70000,2026-09-30,comprador-0003,A01,A Tiempo,33,450001887340,,,,,,,,,,,,,,,,,
PRODUCCION,4500018873,60,CR10,PROV-0049,Proveedor 0049,13000625,C. Prednisolona 25 MG X 100 Tabletas,1000037096,10,2026-07-20,2026-09-30,2026-07-29,25000,UN,0,2026-09-30,25000,2026-09-30,comprador-0003,A01,A Tiempo,33,450001887360,,,,,,,,,,,,,,,,,
PRODUCCION,4500018873,70,CR10,PROV-0049,Proveedor 0049,13000377,C. Valvirex X 42 Tabletas Recubiertas,1000036389,10,2026-07-20,2026-10-14,2026-07-29,4000,UN,0,2026-10-14,4000,2026-10-14,comprador-0003,A01,A Tiempo,47,450001887370,,,,,,,,,,,,,,,,,
PRODUCCION,4500018873,30,CR10,PROV-0049,Proveedor 0049,13000541,C. Tenoxicam 20 MG X 100 Tabletas Recub.,1000037416,10,2026-07-22,2027-10-05,2026-07-29,60000,UN,0,2027-05-25,60000,2027-05-25,comprador-0003,A01,A Tiempo,270,450001887330,,,,,,,,,,,,,,,,,
PRODUCCION,4500018873,80,CR10,PROV-0049,Proveedor 0049,13000380,C. Mupiral Ungüento X 15 G,1000036388,10,2026-07-20,2026-10-14,2026-07-29,80000,UN,0,2026-10-14,80000,2026-10-14,comprador-0003,A01,A Tiempo,47,450001887380,,,,,,,,,,,,,,,,,
PRODUCCION,4500018879,20,CR10,PROV-0058,Proveedor 0058,13000115,Tapa Vidri. 15 - 30ML. Con Lainer. Din18,1000036472,10,2026-07-20,2027-01-23,2026-07-29,300000,UN,0,2027-01-23,300000,2026-11-23,comprador-0004,A04,A Tiempo,148,450001887920,2027-01-23,,,,,,,,,,,,,,,,
PRODUCCION,4500018879,10,CR10,PROV-0058,Proveedor 0058,13000116,Got. Plást. Grad. 0.5/1ML. 10Cm. Sin Ro.,1000036477,10,2026-07-20,2026-11-17,2026-07-29,150000,UN,0,2026-11-17,150000,2026-09-17,comprador-0004,A04,A Tiempo,81,450001887910,2026-11-17,,,,,,,,,,,,,,,,
PRODUCCION,4500018886,10,CR10,PROV-0063,Proveedor 0063,13001535,E. Valerpan X 2 ML. MM,1000036932,10,2026-07-20,2026-10-20,2026-07-29,36000,UN,0,2026-10-20,36000,2026-10-20,comprador-0003,A01,A Tiempo,53,450001888610,2026-10-20,,,,,,,,,,,,,,,,
PRODUCCION,4500018886,20,CR10,PROV-0063,Proveedor 0063,13001524,E. Femgyl X 1 ML.Mm,1000036920,10,2026-07-20,2026-11-25,2026-07-29,20000,UN,0,2026-11-25,20000,2026-11-25,comprador-0003,A01,A Tiempo,89,450001888620,2026-11-25,,,,,,,,,,,,,,,,
PRODUCCION,4500018886,30,CR10,PROV-0063,Proveedor 0063,13001749,E. Dalivio X 2ML,1000036895,10,2026-07-20,2026-10-20,2026-07-29,40000,UN,0,2026-10-20,40000,2026-10-20,comprador-0003,A01,A Tiempo,53,450001888630,2026-10-20,,,,,,,,,,,,,,,,
PRODUCCION,4500018887,30,CR10,PROV-0050,Proveedor 0050,13002090,E. Biotos Inmune X 170 ML,1000036758,10,2026-07-20,2026-08-26,2026-07-29,70000,UN,0,2026-08-26,70000,2026-08-26,comprador-0003,A01,Atrasado,-2,450001888730,2026-08-26,,,,,,,,,,,,,,,,
PRODUCCION,4500018887,20,CR10,PROV-0050,Proveedor 0050,13001491,E. Ulpecim X 2 ML,1000036917,10,2026-07-20,2026-09-08,2026-07-29,350000,UN,0,2026-09-08,350000,2026-09-08,comprador-0003,A01,A Tiempo,11,450001888720,2026-09-08,,,,,,,,,,,,,,,,
PRODUCCION,4500018887,10,CR10,PROV-0050,Proveedor 0050,13001489,E. Rimont X 1 ML,1000036982,10,2026-07-20,2026-09-16,2026-07-29,110000,UN,0,2026-09-16,110000,2026-09-16,comprador-0003,A01,A Tiempo,19,450001888710,2026-09-16,,,,,,,,,,,,,,,,
PRODUCCION,4500018893,10,CR10,PROV-0049,Proveedor 0049,13001000,Caja 63X20X115. 100 Cajas. Formato 4,1000037041,10,2026-07-20,2026-09-08,2026-07-29,4000,UN,0,2026-09-08,4000,2026-09-08,comprador-0003,A01,A Tiempo,11,450001889310,,,,,,,,,,,,,,,,,
PRODUCCION,4500018893,20,CR10,PROV-0049,Proveedor 0049,13000219,Caja Blister # 1 X 10 Cajas X100 Blister,1000036417,10,2026-07-20,2026-10-14,2026-07-29,12000,UN,0,2026-10-14,12000,2026-10-14,comprador-0003,A01,A Tiempo,47,450001889320,,,,,,,,,,,,,,,,,
PRODUCCION,4500018893,40,CR10,PROV-0049,Proveedor 0049,13000200,C. M. Amp. 1&2 ML X 60 Cajas X 50 Amp,1000036404,10,2026-07-20,2026-09-23,2026-07-29,1500,UN,0,2026-09-23,1500,2026-09-23,comprador-0003,A01,A Tiempo,26,450001889340,,,,,,,,,,,,,,,,,
PRODUCCION,4500018893,50,CR10,PROV-0049,Proveedor 0049,13000282,Caja Envase  60 ML X30 - 120 ML X24,1000036394,10,2026-07-20,2026-09-08,2026-07-29,6000,UN,0,2026-09-08,6000,2026-09-08,comprador-0003,A01,A Tiempo,11,450001889350,,,,,,,,,,,,,,,,,
PRODUCCION,4500018893,30,CR10,PROV-0049,Proveedor 0049,13000211,Caja Blister # 2. X 40 Cajas X50 Blister,1000036413,10,2026-07-20,2026-10-13,2026-07-29,2500,UN,0,2026-10-13,2500,2026-10-13,comprador-0003,A01,A Tiempo,46,450001889330,,,,,,,,,,,,,,,,,
PRODUCCION,4500018916,10,CR10,PROV-0050,Proveedor 0050,13001081,C. Rimont Solución Inyect. X 50 Ampollas,1000037076,10,2026-07-20,2026-09-18,2026-07-30,5000,UN,0,2026-09-18,5000,2026-09-18,comprador-0003,A01,A Tiempo,21,450001891610,2026-09-18,,,,,,,,,,,,,,,,
PRODUCCION,4500018916,40,CR10,PROV-0050,Proveedor 0050,13000400,C. Ventilar 4 X 10 Tabletas Masticables,1000036390,10,2026-07-20,2026-10-15,2026-07-30,15000,UN,0,2026-10-15,15000,2026-10-15,comprador-0003,A01,A Tiempo,48,450001891640,2026-10-15,,,,,,,,,,,,,,,,
PRODUCCION,4500018916,30,CR10,PROV-0050,Proveedor 0050,13000518,C. Ventilar 4 X 10 Tabletas Masticab. MM,1000037183,10,2026-07-20,2026-10-15,2026-07-30,3000,UN,0,2026-10-15,3000,2026-10-15,comprador-0003,A01,A Tiempo,48,450001891630,2026-10-15,,,,,,,,,,,,,,,,
PRODUCCION,4500018916,50,CR10,PROV-0050,Proveedor 0050,13000690,C. Gutis Conflexil X 1 Ampolla. MM,1000037397,10,2026-07-22,2026-10-28,2026-07-30,12000,UN,0,2026-09-28,12000,2026-09-28,comprador-0003,A01,A Tiempo,31,450001891650,2026-09-28,,,,,,,,,,,,,,,,
PRODUCCION,4500018916,60,CR10,PROV-0050,Proveedor 0050,13000504,C. Novo Cetonil 30 X 30 Cápsulas,1000037164,10,2026-07-20,2026-09-09,2026-07-30,10000,UN,0,2026-09-09,10000,2026-09-09,comprador-0003,A01,A Tiempo,12,450001891660,2026-09-09,,,,,,,,,,,,,,,,
PRODUCCION,4500018916,70,CR10,PROV-0050,Proveedor 0050,13001581,C. Disflam Gel X 30 G,1000036916,10,2026-07-20,2026-10-14,2026-07-30,35000,UN,0,2026-10-14,35000,2026-10-14,comprador-0003,A01,A Tiempo,47,450001891670,2026-10-14,,,,,,,,,,,,,,,,
PRODUCCION,4500018916,20,CR10,PROV-0050,Proveedor 0050,13001082,C. Ulpecim Solución Inyec. X 50 Ampollas,1000037073,10,2026-07-20,2026-09-18,2026-07-30,13000,UN,0,2026-09-18,13000,2026-09-18,comprador-0003,A01,A Tiempo,21,450001891620,2026-09-18,,,,,,,,,,,,,,,,
PRODUCCION,4500018919,10,CR10,PROV-0070,Proveedor 0070,13001995,C. Dalivio X 100 Tabletas,1000036822,10,2026-07-20,2026-09-18,2026-07-30,5000,UN,0,2026-09-18,5000,2026-09-18,comprador-0003,A01,A Tiempo,21,450001891910,Material Listo // enregan el 15/09,,,,,,,,,,,,,,,,
PRODUCCION,4500019072,10,CR10,PROV-0050,Proveedor 0050,13000780,E. Fasinul 0.05% Gota Nasal X 10 ML,1000037602,10,2026-08-03,2026-10-14,2026-08-06,100000,UN,0,2026-10-14,100000,2026-10-14,comprador-0003,A01,A Tiempo,47,450001907210,2026-10-14,,,,,,,,,,,,,,,,
PRODUCCION,4500019229,10,CR10,PROV-0050,Proveedor 0050,13000316,C. NIstat Suspensión X 30 ML,1000038566,10,2026-08-18,2026-09-09,2026-08-19,36480,UN,0,2026-09-09,36480,2026-09-09,comprador-0003,A01,A Tiempo,12,450001922910,Material Listo // entrega 01/09,,,,,,,,,,,,,,,,
PRODUCCION,4500019233,10,CR10,PROV-0069,Proveedor 0069,13002092,C. Biotos Inmune X 170 ML,1000038568,10,2026-08-18,2026-09-09,2026-08-19,17845,UN,0,2026-09-09,17845,2026-09-09,comprador-0003,A01,A Tiempo,12,450001923310,2026-09-09,,,,,,,,,,,,,,,,
PRODUCCION,4500019266,10,CR10,PROV-0049,Proveedor 0049,13000578,C. Clembroxil Comp Gotas X 20,1000038639,10,2026-08-20,2026-09-09,2026-08-21,14270,UN,0,2026-09-09,14270,2026-09-09,comprador-0003,A01,A Tiempo,12,450001926610,,,,,,,,,,,,,,,,,
PRODUCCION,4500017717,10,CR10,PROV-0019,Proveedor 0019,19000040,FLUFENAZINA DECANOATO,1000033127,10,2026-05-19,2026-07-30,2026-06-08,6000,G,0,2026-08-31,6000,2026-07-24,comprador-0001,A00,A Tiempo,3,450001771710,2026-07-24,,Fabricante 0064,N/A,CIP,CONTADO / SOLICITADO,ZCA640000000023,SI,PENDIENTE,PENDIENTE,INTERNACIONAL,Ambiente,INDIA,AEREO,PENDIENTE,PENDIENTE,PENDIENTE
PRODUCCION,4500014932,30,CR10,PROV-0006,Proveedor 0006,19000051,TIOCOLCHICÓSIDO,1000034607,10,2026-06-19,2026-10-17,2026-01-26,10000,G,0,2026-09-25,10000,2026-09-25,comprador-0001,A00,A Tiempo,28,450001493230,2026-09-25,,Fabricante 0006,N/A,CIP,CONTADO / PENDIENTE,,PENDIENTE,PENDIENTE,PENDIENTE,INTERNACIONAL,Ambiente,INDIA,AEREO,PENDIENTE,PENDIENTE,PENDIENTE
PRODUCCION,4500016158,40,CR10,PROV-0009,Proveedor 0009,19000029,PIRIDOXINA CLORHIDRATO (VITAMINA B6),1000034271,10,2026-06-16,2026-11-10,2026-03-13,50000,G,0,2026-08-21,50000,2026-08-21,comprador-0001,A00,Atrasado,-7,450001615840,2026-08-21,2026-03-10,Fabricante 0009,N/A,FCA,CONTADO / SI,ZCA640000000067,SI,PENDIENTE,PENDIENTE,INTERNACIONAL,Ambiente,CHINA,MARITIMO,PENDIENTE,PENDIENTE,PENDIENTE
PRODUCCION,4500018119,10,CR10,PROV-0005,Proveedor 0005,19000007,CIMETIDINA,1000034972,10,2026-06-22,2026-07-14,2026-06-25,50000,G,0,2026-08-21,50000,2026-07-03,comprador-0001,A00,Atrasado,-7,450001811910,2026-08-16,,Fabricante 0065,586,FCA,CREDITO,ZCA640000000031,SI,PENDIENTE,PENDIENTE,INTERNACIONAL,Ambiente,CHINA,AEREO,PENDIENTE,PENDIENTE,687778
PRODUCCION,4500018184,10,CR10,PROV-0032,Proveedor 0032,19000021,LIDOCAÍNA CLORHIDRATO MONOHIDRATO,1000034272,10,2026-06-16,2026-11-18,2026-06-29,25000,G,0,2026-07-24,25000,2026-07-24,comprador-0001,A00,Atrasado,-35,450001818410,2026-07-24,,Fabricante 0066,N/A,FCA,CREDITO,ZCA640000000080,SI,PENDIENTE,PENDIENTE,INTERNACIONAL,Ambiente,INDIA,AEREO,PENDIENTE,PENDIENTE,PENDIENTE
PRODUCCION,4500018844,10,CR10,PROV-0072,Proveedor 0072,19000003,Betametasona dipropionato,1000035787,10,2026-07-20,2026-11-16,2026-07-29,10000,G,0,2026-08-28,10000,2026-08-28,comprador-0001,A00,A Tiempo,0,450001884410,,,,,FCA,,,,,,,,,,,,
PRODUCCION,4500018844,20,CR10,PROV-0072,Proveedor 0072,19000016,ESTRADIOL VALERATO,1000035731,10,2026-07-20,2026-10-28,2026-07-29,3000,G,0,2026-08-28,3000,2026-08-28,comprador-0001,A00,A Tiempo,0,450001884420,2026-08-28,,Fabricante 0067,N/A,FCA,CREDITO,PENDIENTE,PENDIENTE,PENDIENTE,PENDIENTE,INTERNACIONAL,Ambiente,India,PENDIENTE,PENDIENTE,PENDIENTE,PENDIENTE
PRODUCCION,4500018869,10,CR10,PROV-0030,Proveedor 0030,19000007,CIMETIDINA,1000035765,10,2026-07-20,2026-10-02,2026-07-29,125000,G,0,2026-09-25,125000,2026-09-25,comprador-0001,A00,A Tiempo,28,450001886910,2026-10-02,,Fabricante 0065,N/A,CIP,CREDITO,PENDIENTE,PENDIENTE,PENDIENTE,PENDIENTE,INTERNACIONAL,Ambiente,CHINA,PENDIENTE,PENDIENTE,PENDIENTE,PENDIENTE
PRODUCCION,4500018870,10,CR10,PROV-0005,Proveedor 0005,19000008,CLORFENIRAMINA MALEATO,1000035785,10,2026-07-20,2026-11-16,2026-07-29,25000,G,0,2026-10-30,25000,2026-10-30,comprador-0001,A00,A Tiempo,63,450001887010,,,Fabricante 0042,,CIF TERRESTRE,CREDITO,ZCA640000000160,SI,PENDIENTE,PENDIENTE,INTERNACIONAL,Ambiente,,TERRESTRE,PENDIENTE,PENDIENTE,PENDIENTE
PRODUCCION,4500018872,10,CR10,PROV-0073,Proveedor 0073,19000045,BIPERIDENO LACTATO,1000035804,10,2026-07-20,2026-10-28,2026-07-29,100,G,0,2026-09-25,100,2026-09-25,comprador-0001,A00,A Tiempo,28,450001887210,2026-09-25,,Fabricante 0068,N/A,CIP,CONTADO /  SI,PENDIENTE,PENDIENTE,PENDIENTE,PENDIENTE,INTERNACIONAL,Ambiente,INDIA,AEREO,PENDIENTE,PENDIENTE,PENDIENTE
PRODUCCION,4500018877,10,CR10,PROV-0005,Proveedor 0005,19000046,ATRACURIO BESILATO,1000035807,10,2026-07-20,2026-12-03,2026-07-29,10000,G,0,2026-08-28,10000,2026-08-28,comprador-0001,A00,A Tiempo,0,450001887710,2026-08-28,,Fabricante 0069,612,FCA,CREDITO,PENDIENTE,PENDIENTE,PENDIENTE,PENDIENTE,INTERNACIONAL,Entre 2°-8° C,CHINA,AEREO,PENDIENTE,PENDIENTE,PENDIENTE
PRODUCCION,4500018883,10,CR10,PROV-0023,Proveedor 0023,19000005,Cianocobalamina (vitamina b12),1000035769,10,2026-07-20,2026-12-04,2026-07-29,10000,G,0,2026-09-25,10000,2026-09-25,comprador-0001,A00,A Tiempo,28,450001888310,2026-09-25,,Fabricante 0070,N/A,FCA,CREDITO,ZCA640000000138,SI,PENDIENTE,PENDIENTE,INTERNACIONAL,Ambiente,CHINA,PENDIENTE,PENDIENTE,PENDIENTE,PENDIENTE
PRODUCCION,4500018901,10,CR10,PROV-0074,Proveedor 0074,19000019,HALOPERIDOL,1000035734,10,2026-07-20,2026-10-28,2026-07-30,2000,G,0,2026-09-25,2000,2026-09-25,comprador-0001,A00,A Tiempo,28,450001890110,2026-09-25,,Fabricante 0071,N/A,CIP,CONTADO / SOLICITADO,ZCA640000000165,SI,,PENDIENTE,INTERNACIONAL,Ambiente,INDIA,AEREO,PENDIENTE,PENDIENTE,PENDIENTE
PRODUCCION,4500019086,10,CR10,PROV-0005,Proveedor 0005,19000028,OXIMETAZOLINA CLORHIDRATO,1000035850,10,2026-07-20,2026-12-09,2026-08-09,1000,G,0,2026-10-30,1000,2026-10-30,comprador-0001,A00,A Tiempo,63,450001908610,,,Fabricante 0072,,CIP,CREDITO,ZCA640000000167,SI,,,,Ambiente,,,,,
PRODUCCION,4500017528,10,CR10,PROV-0036,Proveedor 0036,20000020,POLIGLICOL 400,1000033154,10,2026-05-19,2026-09-03,2026-05-28,233000,G,0,2026-09-03,233000,2026-07-13,comprador-0002,A07,A Tiempo,6,450001752810,,,Fabricante 0052,N/A,LOCAL,CREDITO,,PENDIENTE,PENDIENTE,PENDIENTE,LOCAL,Ambiente,,,,,
PRODUCCION,4500018175,10,CR10,PROV-0015,Proveedor 0015,20000011,CLORHÍDRICO ÁCIDO,1000034439,10,2026-06-17,2026-07-14,2026-06-29,50000,G,0,2026-09-01,50000,2026-07-14,comprador-0002,A07,A Tiempo,4,450001817510,,,,,EXW,CREDITO,,PENDIENTE,PENDIENTE,PENDIENTE,INTERNACIONAL,Ambiente,,,,,
PRODUCCION,4500018237,10,CR10,PROV-0038,Proveedor 0038,20000019,MANITOL,1000034437,10,2026-06-17,2026-10-02,2026-06-30,100000,G,0,2026-10-02,100000,2026-08-24,comprador-0002,A07,A Tiempo,35,450001823710,,,,,CIP,CREDITO,,PENDIENTE,PENDIENTE,PENDIENTE,INTERNACIONAL,Ambiente,,,,,
PRODUCCION,4500018288,10,CR10,PROV-0015,Proveedor 0015,20000034,ACÉTICO GLACIAL ÁCIDO,1000034444,10,2026-06-17,2026-09-25,2026-07-01,25000,G,0,2026-09-25,25000,2026-08-24,comprador-0002,A07,A Tiempo,28,450001828810,,,,,EXW,CREDITO,,PENDIENTE,PENDIENTE,PENDIENTE,INTERNACIONAL,Ambiente,,,,,
PRODUCCION,4500018291,10,CR10,PROV-0075,Proveedor 0075,20000033,POLISORBATO 80,1000034443,10,2026-06-17,2026-09-25,2026-07-01,220000,G,0,2026-09-25,220000,2026-09-25,comprador-0002,A07,A Tiempo,28,450001829110,,,,,EXW,CREDITO,,PENDIENTE,PENDIENTE,PENDIENTE,INTERNACIONAL,Ambiente,,,,,
PRODUCCION,4500018798,10,CR10,PROV-0076,Proveedor 0076,20000017,FENOL,1000036159,10,2026-07-20,2026-10-09,2026-07-27,5000,G,0,2026-10-09,5000,2026-08-24,comprador-0002,A07,A Tiempo,42,450001879810,,,,,CIP,CREDITO,,PENDIENTE,PENDIENTE,PENDIENTE,INTERNACIONAL,Ambiente,,,,,
PRODUCCION,4500018799,10,CR10,PROV-0043,Proveedor 0043,20000011,CLORHÍDRICO ÁCIDO,1000036157,10,2026-07-20,2026-10-28,2026-07-27,100000,G,0,2026-10-28,100000,2026-09-28,comprador-0002,A07,A Tiempo,61,450001879910,,,,,LOCAL,CREDITO,,PENDIENTE,PENDIENTE,PENDIENTE,LOCAL,Ambiente,,,,,
PRODUCCION,4500018812,10,CR10,PROV-0028,Proveedor 0028,20000000,METILPARABENO,1000036200,10,2026-07-20,2026-11-14,2026-07-28,25000,G,0,2026-11-14,25000,2026-10-12,comprador-0002,A07,A Tiempo,78,450001881210,,,,,LOCAL,CREDITO,,PENDIENTE,PENDIENTE,PENDIENTE,LOCAL,Ambiente,,,,,
PRODUCCION,4500018832,10,CR10,PROV-0028,Proveedor 0028,20000015,SODIO FOSFATO DIBÁSICO DIHIDRATADO,1000036160,10,2026-07-20,2026-11-12,2026-07-28,25000,G,0,2026-10-12,25000,2026-10-12,comprador-0002,A07,A Tiempo,45,450001883210,,,,,LOCAL,CREDITO,,PENDIENTE,PENDIENTE,PENDIENTE,LOCAL,Ambiente,,,,,
IDA,4500009651,20,CR10,PROV-0077,Proveedor 0077,13900002,MATERIAL PRUEBA ETIQUETAS SOLUCION ORAL,1000017589,20,2025-04-22,2025-05-02,2025-05-14,3900,UN,3000,2025-05-29,900,2025-05-29,comprador-0003,A01,Atrasado,-456,,,,,,,,,,,,,,,,,,
IDA,4500011660,10,CR10,PROV-0078,Proveedor 0078,15900255,FENTERMINA CLORHIDRATO,1000020017,10,2025-07-02,2025-07-02,2025-08-21,200,MG,0,2025-12-19,200,2025-12-19,comprador-0005,A02,Atrasado,-252,,,,,,,,,,,,,,,,,,
IDA,4500012050,120,CR10,PROV-0079,Proveedor 0079,17900766,ISOPROPÍLICO-IPA ALCOHOL (2 PROPANOL),1000020060,240,2025-07-04,2025-07-04,2025-09-09,40000,ML,0,2026-04-10,40000,2026-03-13,comprador-0005,A02,Atrasado,-140,,,,,,,,,,,,,,,,,,
IDA,4500012050,280,CR10,PROV-0079,Proveedor 0079,17900573,ACÉTICO ÁCIDO,1000020060,440,2025-07-04,2025-07-04,2025-09-09,250000,ML,0,2026-04-10,250000,2026-03-13,comprador-0005,A02,Atrasado,-140,,,,,,,,,,,,,,,,,,
IDA,4500012050,290,CR10,PROV-0079,Proveedor 0079,17900709,CLORHÍDRICO ÁCIDO,1000020060,450,2025-07-04,2025-07-04,2025-09-09,250000,ML,0,2026-04-10,250000,2026-03-13,comprador-0005,A02,Atrasado,-140,,,,,,,,,,,,,,,,,,
IDA,4500012050,320,CR10,PROV-0079,Proveedor 0079,17901020,SODIO HIDRÓXIDO ESCAMAS,1000020060,480,2025-07-04,2025-07-04,2025-09-09,100000,G,0,2026-04-10,100000,2026-03-13,comprador-0005,A02,Atrasado,-140,,,,,,,,,,,,,,,,,,
IDA,4500012050,210,CR10,PROV-0079,Proveedor 0079,17900584,Acetona,1000020060,370,2025-07-04,2025-07-04,2025-09-09,10000,ML,0,2026-04-10,10000,2026-03-13,comprador-0005,A02,Atrasado,-140,,,,,,,,,,,,,,,,,,
IDA,4500012054,190,CR10,PROV-0079,Proveedor 0079,17900709,CLORHÍDRICO ÁCIDO,1000020091,190,2025-07-07,2025-07-07,2025-09-09,150000,ML,0,2026-04-10,150000,2026-08-31,comprador-0005,A02,Atrasado,-140,,,,,,,,,,,,,,,,,,
IDA,4500012054,170,CR10,PROV-0079,Proveedor 0079,17900573,ACÉTICO ÁCIDO,1000020091,170,2025-07-07,2025-07-07,2025-09-09,150000,ML,0,2026-04-10,150000,2026-08-31,comprador-0005,A02,Atrasado,-140,,,,,,,,,,,,,,,,,,
IDA,4500012054,240,CR10,PROV-0079,Proveedor 0079,17900766,ISOPROPÍLICO-IPA ALCOHOL (2 PROPANOL),1000020091,240,2025-07-07,2025-07-07,2025-09-09,40000,ML,0,2026-04-10,40000,2026-08-31,comprador-0005,A02,Atrasado,-140,,,,,,,,,,,,,,,,,,
IDA,4500012054,310,CR10,PROV-0079,Proveedor 0079,17901020,SODIO HIDRÓXIDO ESCAMAS,1000020091,310,2025-07-07,2025-07-07,2025-09-09,50000,G,0,2026-04-10,50000,2026-08-31,comprador-0005,A02,Atrasado,-140,,,,,,,,,,,,,,,,,,
IDA,4500013620,20,CR10,PROV-0080,Proveedor 0080,11900123,MAT.PRUEBA CICLOPENTOLATO CLORHIDRATO,1000023916,30,2025-10-02,2026-01-10,2025-11-20,1000,G,0,2026-05-30,1000,2026-02-13,comprador-0001,A00,Atrasado,-90,,2026-05-30,2025-10-02,Fabricante 0073,N/A,CIP,CONTADO/ SI,,APROBADO,1,PENDIENTE,INTERNACIONAL,Entre 2°-8° C,INDIA,AEREO,PENDIENTE,PENDIENTE,PENDIENTE
IDA,4500013747,20,CR10,PROV-0081,Proveedor 0081,13900012,MAT. PRUEBA CAJAS PLEGADIZAS CARTULINA,1000025980,20,2025-11-24,2025-12-16,2025-11-24,500,UN,320,2026-04-30,180,2026-04-30,comprador-0003,A01,Atrasado,-120,,,,,,,,,,,,,,,,,,
IDA,4500013921,30,CR10,PROV-0082,Proveedor 0082,13900012,MAT. PRUEBA CAJAS PLEGADIZAS CARTULINA,1000026158,30,2025-12-03,2025-12-24,2025-12-03,3500,UN,0,2026-01-05,3500,2026-01-05,comprador-0003,A01,Atrasado,-235,,,,,,,,,,,,,,,,,,
IDA,4500013921,20,CR10,PROV-0082,Proveedor 0082,13900012,MAT. PRUEBA CAJAS PLEGADIZAS CARTULINA,1000026158,20,2025-12-03,2025-12-24,2025-12-03,500,UN,0,2026-01-05,500,2026-01-05,comprador-0003,A01,Atrasado,-235,,,,,,,,,,,,,,,,,,
IDA,4500013921,10,CR10,PROV-0082,Proveedor 0082,13900012,MAT. PRUEBA CAJAS PLEGADIZAS CARTULINA,1000026158,10,2025-12-03,2025-12-24,2025-12-03,500,UN,0,2026-01-05,500,2026-01-05,comprador-0003,A01,Atrasado,-235,,,,,,,,,,,,,,,,,,
IDA,4500014415,10,CR10,PROV-0083,Proveedor 0083,13900000,MATERIAL PRUEBA ETIQUETAS INYECTABLE,1000026938,10,2025-12-19,2025-12-19,2025-12-23,12000,UN,0,2026-04-30,12000,2026-04-30,comprador-0003,A01,Atrasado,-120,,,,,,,,,,,,,,,,,,
IDA,4500014415,20,CR10,PROV-0083,Proveedor 0083,13900002,MATERIAL PRUEBA ETIQUETAS SOLUCION ORAL,1000026938,20,2025-12-19,2025-12-19,2025-12-23,4000,UN,0,2026-04-30,4000,2026-04-30,comprador-0003,A01,Atrasado,-120,,,,,,,,,,,,,,,,,,
IDA,4500014654,40,CR10,PROV-0084,Proveedor 0084,11900016,MATERIAL PRUEBA ALPRAZOLAM,1000027187,10,2026-01-13,2026-01-27,2026-01-14,70,G,0,2026-06-30,70,2026-06-30,comprador-0001,A00,Atrasado,-59,,2026-06-30,2026-01-13,Fabricante 0074,N/A,CIP,CONTADO/PENDIENTE,PENDIENTE,PENDIENTE,PENDIENTE,PENDIENTE,INTERNACIONAL,Ambiente,INDIA,AEREO,PENDIENTE,PENDIENTE,PENDIENTE
IDA,4500014654,50,CR10,PROV-0084,Proveedor 0084,11900016,MATERIAL PRUEBA ALPRAZOLAM,1000027187,20,2026-01-13,2026-01-27,2026-01-14,70,G,0,2026-06-30,70,2026-06-30,comprador-0001,A00,Atrasado,-59,,2026-06-30,2026-01-13,Fabricante 0074,N/A,CIP,CONTADO/PENDIENTE,PENDIENTE,PENDIENTE,PENDIENTE,PENDIENTE,INTERNACIONAL,Ambiente,INDIA,AEREO,PENDIENTE,PENDIENTE,PENDIENTE
IDA,4500014654,60,CR10,PROV-0084,Proveedor 0084,11900016,MATERIAL PRUEBA ALPRAZOLAM,1000027187,30,2026-01-13,2026-01-27,2026-01-14,70,G,0,2026-06-30,70,2026-06-30,comprador-0001,A00,Atrasado,-59,,2026-06-30,2026-01-13,Fabricante 0074,N/A,CIP,CONTADO/PENDIENTE,PENDIENTE,PENDIENTE,PENDIENTE,PENDIENTE,INTERNACIONAL,Ambiente,INDIA,AEREO,PENDIENTE,PENDIENTE,PENDIENTE
IDA,4500014655,40,CR10,PROV-0020,Proveedor 0020,11900016,MATERIAL PRUEBA ALPRAZOLAM,1000027190,10,2026-01-13,2026-01-27,2026-01-14,70,G,0,2026-11-27,70,2026-11-27,comprador-0001,A00,A Tiempo,91,,2026-11-27,2026-01-13,Fabricante 0026,N/A,CIP,CONTADO/PENDIENTE,PENDIENTE,PENDIENTE,PENDIENTE,PENDIENTE,INTERNACIONAL,Ambiente,INDIA,AEREO,PENDIENTE,PENDIENTE,PENDIENTE
IDA,4500014655,50,CR10,PROV-0020,Proveedor 0020,11900016,MATERIAL PRUEBA ALPRAZOLAM,1000027190,20,2026-01-13,2026-01-27,2026-01-14,70,G,0,2026-11-27,70,2026-11-27,comprador-0001,A00,A Tiempo,91,,2026-11-27,2026-01-13,Fabricante 0026,N/A,CIP,CONTADO/PENDIENTE,PENDIENTE,PENDIENTE,PENDIENTE,PENDIENTE,INTERNACIONAL,Ambiente,INDIA,AEREO,PENDIENTE,PENDIENTE,PENDIENTE
IDA,4500014655,60,CR10,PROV-0020,Proveedor 0020,11900016,MATERIAL PRUEBA ALPRAZOLAM,1000027190,30,2026-01-13,2026-01-27,2026-01-14,70,G,0,2026-11-27,70,2026-11-27,comprador-0001,A00,A Tiempo,91,,2026-11-27,2026-01-13,Fabricante 0026,N/A,CIP,CONTADO/PENDIENTE,PENDIENTE,PENDIENTE,PENDIENTE,PENDIENTE,INTERNACIONAL,Ambiente,INDIA,AEREO,PENDIENTE,PENDIENTE,PENDIENTE
IDA,4500015241,10,CR10,PROV-0084,Proveedor 0084,11900010,MATERIAL PRUEBA FENTERMINA CLORHIDRATO,1000028103,10,2026-02-04,2026-02-25,2026-02-04,500,G,0,2026-06-30,500,2026-09-25,comprador-0001,A00,Atrasado,-59,,,2026-02-04,Fabricante 0074,N/A,CIP,CONTADO/PENDIENTE,PENDIENTE,PENDIENTE,PENDIENTE,PENDIENTE,INTERNACIONAL,Ambiente,INDIA,AEREO,PENDIENTE,PENDIENTE,PENDIENTE
IDA,4500015241,20,CR10,PROV-0084,Proveedor 0084,11900010,MATERIAL PRUEBA FENTERMINA CLORHIDRATO,1000028103,20,2026-02-04,2026-02-25,2026-02-04,500,G,0,2026-06-30,500,2026-09-25,comprador-0001,A00,Atrasado,-59,,,2026-02-04,Fabricante 0074,N/A,CIP,CONTADO/PENDIENTE,,PENDIENTE,PENDIENTE,PENDIENTE,INTERNACIONAL,Ambiente,INDIA,AEREO,PENDIENTE,PENDIENTE,PENDIENTE
IDA,4500015241,30,CR10,PROV-0084,Proveedor 0084,11900010,MATERIAL PRUEBA FENTERMINA CLORHIDRATO,1000028103,30,2026-02-04,2026-02-25,2026-02-04,500,G,0,2026-06-30,500,2026-09-25,comprador-0001,A00,Atrasado,-59,,,2026-02-04,Fabricante 0074,N/A,CIP,CONTADO/PENDIENTE,,PENDIENTE,PENDIENTE,PENDIENTE,INTERNACIONAL,Ambiente,INDIA,AEREO,PENDIENTE,PENDIENTE,PENDIENTE
IDA,4500015683,10,CR10,PROV-0085,Proveedor 0085,11900011,MATERIAL PRUEBA ESOMEPRAZOL MAGNESIO,1000029057,10,2026-02-23,2026-03-16,2026-02-24,500,G,0,2026-09-04,500,2026-04-24,comprador-0001,A00,A Tiempo,7,,2026-09-04,2026-02-23,Fabricante 0075,N/A,CIP,MUESTRAS SIN COSO,N/A,SI,PENDIENTE,PENDIENTE,INTERNACIONAL,Ambiente,INDIA,AEREO,PENDIENTE,PENDIENTE,PENDIENTE
IDA,4500015683,20,CR10,PROV-0085,Proveedor 0085,11900011,MATERIAL PRUEBA ESOMEPRAZOL MAGNESIO,1000029057,20,2026-02-23,2026-03-16,2026-02-24,500,G,0,2026-09-04,500,2026-04-24,comprador-0001,A00,A Tiempo,7,,2026-09-04,2026-02-23,Fabricante 0075,N/A,CIP,MUESTRAS SIN COSO,N/A,SI,PENDIENTE,PENDIENTE,INTERNACIONAL,Ambiente,INDIA,AEREO,PENDIENTE,PENDIENTE,PENDIENTE
IDA,4500015683,30,CR10,PROV-0085,Proveedor 0085,11900011,MATERIAL PRUEBA ESOMEPRAZOL MAGNESIO,1000029057,30,2026-02-23,2026-03-16,2026-02-24,500,G,0,2026-09-04,500,2026-04-24,comprador-0001,A00,A Tiempo,7,,2026-09-04,2026-02-23,Fabricante 0075,N/A,CIP,MUESTRAS SIN COSO,N/A,SI,PENDIENTE,PENDIENTE,INTERNACIONAL,Ambiente,INDIA,AEREO,PENDIENTE,PENDIENTE,PENDIENTE
IDA,4500016857,40,CR10,PROV-0086,Proveedor 0086,13900005,MATERIAL PRUEBA PLEGADIZOS CARTERITAS,1000031770,40,2026-04-23,2026-04-23,2026-04-27,5000,UN,0,2026-06-23,5000,2026-06-23,comprador-0003,A01,Atrasado,-66,,,,,,,,,,,,,,,,,,
IDA,4500016857,30,CR10,PROV-0086,Proveedor 0086,13900012,MAT. PRUEBA CAJAS PLEGADIZAS CARTULINA,1000031770,30,2026-04-23,2026-04-23,2026-04-27,1000,UN,0,2026-06-23,1000,2026-06-23,comprador-0003,A01,Atrasado,-66,,,,,,,,,,,,,,,,,,
IDA,4500016857,20,CR10,PROV-0086,Proveedor 0086,13900012,MAT. PRUEBA CAJAS PLEGADIZAS CARTULINA,1000031770,20,2026-04-23,2026-04-23,2026-04-27,500,UN,0,2026-06-23,500,2026-06-23,comprador-0003,A01,Atrasado,-66,,,,,,,,,,,,,,,,,,
IDA,4500016857,10,CR10,PROV-0086,Proveedor 0086,13900012,MAT. PRUEBA CAJAS PLEGADIZAS CARTULINA,1000031770,10,2026-04-23,2026-04-23,2026-04-27,5000,UN,0,2026-06-23,5000,2026-06-23,comprador-0003,A01,Atrasado,-66,,,,,,,,,,,,,,,,,,
IDA,4500017348,10,CR10,PROV-0012,Proveedor 0012,12900070,Petrolato sólido,1000033126,10,2026-05-19,2026-08-27,2026-05-20,3000,G,0,2026-09-10,3000,2026-08-27,comprador-0002,A00,A Tiempo,13,,,,,,,,,,,,,,,,,,
IDA,4500017348,20,CR10,PROV-0012,Proveedor 0012,12900070,Petrolato sólido,1000033126,20,2026-05-19,2026-08-27,2026-05-20,3000,G,0,2026-09-10,3000,2026-08-27,comprador-0002,A00,A Tiempo,13,,,,,,,,,,,,,,,,,,
IDA,4500017351,10,CR10,PROV-0087,Proveedor 0087,11900208,MAT.PRUEBA ONDANSETRON HCL,1000033143,10,2026-05-19,2026-08-27,2026-05-20,450,G,0,2026-08-27,450,2026-08-27,comprador-0002,A00,Atrasado,-1,,27/08/026,,Fabricante 0076,N/A,CIP,CONTADO/SI,,,,,,Ambiente,INDIA,AEREO,PENDIENTE,PENDIENTE,PENDIENTE
IDA,4500017357,10,CR10,PROV-0088,Proveedor 0088,11900024,MATERIAL PRUEBA OLANZAPINA,1000032807,10,2026-05-11,2026-05-11,2026-05-20,333,G,0,2026-09-04,333,2026-06-19,comprador-0002,A00,A Tiempo,7,,2026-09-04,,Fabricante 0077,N/A,CIP,CONTADO/SI,ZCA640000000029,APROBADO,PENDIENTE,PENDIENTE,INTERNACIONAL,Ambiente,INDIA,AEREO,PENDIENTE,PENDIENTE,PENDIENTE
IDA,4500017357,20,CR10,PROV-0088,Proveedor 0088,11900024,MATERIAL PRUEBA OLANZAPINA,1000032807,20,2026-05-11,2026-05-11,2026-05-20,333,G,0,2026-09-04,333,2026-06-19,comprador-0002,A00,A Tiempo,7,,2026-09-04,,Fabricante 0077,N/A,CIP,CONTADO/SI,ZCA640000000029,APROBADO,PENDIENTE,PENDIENTE,INTERNACIONAL,Ambiente,INDIA,AEREO,PENDIENTE,PENDIENTE,PENDIENTE
IDA,4500017357,30,CR10,PROV-0088,Proveedor 0088,11900024,MATERIAL PRUEBA OLANZAPINA,1000032807,30,2026-05-11,2026-05-11,2026-05-20,333,G,0,2026-09-04,333,2026-06-19,comprador-0002,A00,A Tiempo,7,,2026-09-04,,Fabricante 0077,N/A,CIP,CONTADO/SI,ZCA640000000029,APROBADO,PENDIENTE,PENDIENTE,INTERNACIONAL,Ambiente,INDIA,AEREO,PENDIENTE,PENDIENTE,PENDIENTE
IDA,4500017493,10,CR10,PROV-0078,Proveedor 0078,15900160,CLONAZEPAM,1000023867,70,2025-10-01,2025-10-01,2026-05-28,200,MG,0,2027-08-31,200,2027-08-31,comprador-0004,A04,A Tiempo,368,,,,,,,,,,,,,,,,,,
IDA,4500017639,30,CR10,PROV-0087,Proveedor 0087,11900209,MAT.PRUEBA ONDANSETRON_BASE,1000033619,30,2026-05-26,2026-09-03,03/06/026,4000,G,0,2026-09-03,4000,2026-09-03,comprador-0002,A00,A Tiempo,6,,2026-09-03,,Fabricante 0078,N/A,CIP,CONTADO/SI,PENDIENTE,PENDIENTE,PENDIENTE,PENDIENTE,INTERNACIONAL,Ambiente,INDIA,AEREO,PENDIENTE,PENDIENTE,PENDIENTE
IDA,4500017639,20,CR10,PROV-0087,Proveedor 0087,11900209,MAT.PRUEBA ONDANSETRON_BASE,1000033619,20,2026-05-26,2026-09-03,03/06/026,4000,G,0,2026-09-03,4000,2026-09-03,comprador-0002,A00,A Tiempo,6,,2026-09-03,,Fabricante 0078,N/A,CIP,CONTADO/SI,PENDIENTE,PENDIENTE,PENDIENTE,PENDIENTE,INTERNACIONAL,Ambiente,INDIA,AEREO,PENDIENTE,PENDIENTE,PENDIENTE
IDA,4500017639,10,CR10,PROV-0087,Proveedor 0087,11900209,MAT.PRUEBA ONDANSETRON_BASE,1000033619,10,2026-05-26,2026-09-03,03/06/026,4000,G,0,2026-09-03,4000,2026-09-03,comprador-0002,A00,A Tiempo,6,,2026-09-03,,Fabricante 0078,N/A,CIP,CONTADO/SI,PENDIENTE,PENDIENTE,PENDIENTE,PENDIENTE,INTERNACIONAL,Ambiente,INDIA,AEREO,PENDIENTE,PENDIENTE,PENDIENTE
IDA,4500017772,20,CR10,PROV-0089,Proveedor 0089,11900071,MAT.PRUEBA TIOCOLCHICÓSIDO,1000033938,20,2026-06-08,2026-10-06,2026-06-09,250,G,0,2026-10-06,250,2026-10-06,comprador-0002,A00,A Tiempo,39,,2026-10-06,,Fabricante 0079,N/A,EXW,CONTADO/SOLICITADO,ZCA640000000017,APROBADO,PEDIENTE,PENDIENTE,INTERNACIONAL,Ambiente,INDIA,AEREO,PENDIENTE,PENDIENTE,PENDIENTE
IDA,4500017772,30,CR10,PROV-0089,Proveedor 0089,11900071,MAT.PRUEBA TIOCOLCHICÓSIDO,1000033938,30,2026-06-08,2026-10-06,2026-06-09,250,G,0,2026-10-06,250,2026-10-06,comprador-0002,A00,A Tiempo,39,,,,,,,,,,,,,Ambiente,INDIA,AEREO,PENDIENTE,PENDIENTE,PENDIENTE
IDA,4500017772,10,CR10,PROV-0089,Proveedor 0089,11900071,MAT.PRUEBA TIOCOLCHICÓSIDO,1000033938,10,2026-06-08,2026-10-06,2026-06-09,250,G,0,2026-10-06,250,2026-10-06,comprador-0002,A00,A Tiempo,39,,,,,,,,,,,,,Ambiente,INDIA,AEREO,PENDIENTE,PENDIENTE,PENDIENTE
IDA,4500017861,10,CR10,PROV-0049,Proveedor 0049,13900012,MAT. PRUEBA CAJAS PLEGADIZAS CARTULINA,1000034068,10,2026-06-10,2026-06-10,2026-06-11,4900,UN,4200,2026-06-30,700,2026-06-30,comprador-0003,A01,Atrasado,-59,,,,,,,,,,,,,,,,,,
IDA,4500017875,10,CR10,PROV-0090,Proveedor 0090,11900174,MAT.PRUEBA TIBOLONA,1000033983,10,2026-06-09,2026-09-17,2026-06-12,1000,G,0,2026-08-28,1000,2026-08-28,comprador-0002,A00,A Tiempo,0,,,,,,,,ZCA640000000090,APROBADO,PENDIENTE,PENDIENTE,INTERNACIONAL,,,AEREO,PENDIENTE,PENDIENTE,PENDIENTE
IDA,4500017977,20,CR10,PROV-0022,Proveedor 0022,11900099,MAT.PRUEBA ASCORBATO DE SODIO CRISTALES,1000034140,20,2026-06-15,2026-06-29,2026-06-16,300,G,0,2026-08-03,300,03/082026,comprador-0002,A00,Atrasado,-25,,,,Fabricante 0080,N/A,EXW,CREDITO,ZCA640000000116,APROBADO,PENDIETE,PENDIENTE,INTERNACIONAL,Entre 15°-25° C,INDIA,AEREO,PENDIENTE,PENDIENTE,PENDIENTE
IDA,4500017977,30,CR10,PROV-0022,Proveedor 0022,11900099,MAT.PRUEBA ASCORBATO DE SODIO CRISTALES,1000034140,30,2026-06-15,2026-06-29,2026-06-16,300,G,0,2026-08-03,300,03/082026,comprador-0002,A00,Atrasado,-25,,,,Fabricante 0080,N/A,EXW,CREDITO,ZCA640000000116,APROBADO,PENDIETE,PENDIENTE,INTERNACIONAL,Entre 15°-25° C,INDIA,AEREO,PENDIENTE,PENDIENTE,PENDIENTE
IDA,4500017977,10,CR10,PROV-0022,Proveedor 0022,11900099,MAT.PRUEBA ASCORBATO DE SODIO CRISTALES,1000034140,10,2026-06-15,2026-06-29,2026-06-16,300,G,0,2026-08-03,300,03/082026,comprador-0002,A00,Atrasado,-25,,,,Fabricante 0080,N/A,EXW,CREDITO,ZCA640000000116,APROBADO,PENDIETE,PENDIENTE,INTERNACIONAL,Entre 15°-25° C,INDIA,AEREO,PENDIENTE,PENDIENTE,PENDIENTE
IDA,4500018062,10,CR10,PROV-0091,Proveedor 0091,11900213,Clorpromazina clorhidrato,1000034149,10,2026-06-15,2026-09-23,2026-06-22,500,G,0,2026-09-04,500,2029-08-23,comprador-0002,A00,A Tiempo,7,,2026-09-04,,Fabricante 0081,N/A,CIP,CONTADO/SOLICITADO,ZCA640000000139,SI,1,PENDIENTE,INTERNACIONAL,Ambiente,INDIA,INDIA,PENDIENTE,PENDIENTE,ENVIADO
IDA,4500018062,20,CR10,PROV-0091,Proveedor 0091,11900213,Clorpromazina clorhidrato,1000034149,20,2026-06-15,2026-09-23,2026-06-22,500,G,0,2026-09-04,500,2029-08-23,comprador-0002,A00,A Tiempo,7,,2026-09-04,,Fabricante 0081,N/A,CIP,CONTADO/SOLICITADO,ZCA640000000139,SI,1,PENDIENTE,INTERNACIONAL,Ambiente,INDIA,INDIA,PENDIENTE,PENDIENTE,ENVIADO
IDA,4500018062,30,CR10,PROV-0091,Proveedor 0091,11900213,Clorpromazina clorhidrato,1000034149,30,2026-06-15,2026-09-23,2026-06-22,500,G,0,2026-09-04,500,2029-08-23,comprador-0002,A00,A Tiempo,7,,2026-09-04,,Fabricante 0081,N/A,CIP,CONTADO/SOLICITADO,ZCA640000000139,SI,1,PENDIENTE,INTERNACIONAL,Ambiente,INDIA,INDIA,PENDIENTE,PENDIENTE,ENVIADO
IDA,4500018064,10,CR10,PROV-0045,Proveedor 0045,12900011,MAT.PRUEBA Celulosa microcristalina 102,1000034194,10,2026-06-16,2026-09-24,2026-06-22,2000,G,0,2026-09-24,2000,2026-09-24,comprador-0002,A00,A Tiempo,27,,,,,,,,,,,,,,,,,,
IDA,4500018223,10,CR10,PROV-0005,Proveedor 0005,11900210,Mat.Prueba Rosuvastatina cálcica,1000035042,10,2026-06-24,2026-10-02,2026-06-30,2500,G,0,2026-10-02,2500,2026-10-02,comprador-0001,A00,A Tiempo,35,,2026-10-02,,Fabricante 0082,594,CIP,CREDITO,PENDIENTE,PENDIENTE,PENDIENTE,PENDIENTE,INTERNACIONAL,Entre 2°-8° C,CHINA,AEREO,PENDIENTE,PENDIENTE,PENDIENTE
IDA,4500018223,20,CR10,PROV-0005,Proveedor 0005,11900210,Mat.Prueba Rosuvastatina cálcica,1000035042,20,2026-06-24,2026-10-02,2026-06-30,2500,G,0,2026-10-02,2500,2026-10-02,comprador-0001,A00,A Tiempo,35,,2026-10-02,,Fabricante 0082,594,CIP,CREDITO,PENDIENTE,PENDIENTE,PENDIENTE,PENDIENTE,INTERNACIONAL,Entre 2°-8° C,CHINA,AEREO,PENDIENTE,PENDIENTE,PENDIENTE
IDA,4500018223,30,CR10,PROV-0005,Proveedor 0005,11900210,Mat.Prueba Rosuvastatina cálcica,1000035042,30,2026-06-24,2026-10-02,2026-06-30,2500,G,0,2026-10-02,2500,2026-10-02,comprador-0001,A00,A Tiempo,35,,2026-10-02,,Fabricante 0082,594,CIP,CREDITO,PENDIENTE,PENDIENTE,PENDIENTE,PENDIENTE,INTERNACIONAL,Entre 2°-8° C,CHINA,AEREO,PENDIENTE,PENDIENTE,PENDIENTE
IDA,4500018224,10,CR10,PROV-0023,Proveedor 0023,11900210,Mat.Prueba Rosuvastatina cálcica,1000035038,10,2026-06-24,2026-10-02,2026-06-30,2500,G,0,2002-10-02,2500,2026-10-02,comprador-0001,A00,A Tiempo,35,,2026-10-02,,Fabricante 0083,,CIP,CREDITO,ZCA640000000086,APROBADO,PENDIENTE,PENDIENTE,INTERNACIONAL,Entre 2°-8° C,CHINA,AEREO,2026-09-03,PENDIENTE,ENVIADO
IDA,4500018224,20,CR10,PROV-0023,Proveedor 0023,11900210,Mat.Prueba Rosuvastatina cálcica,1000035038,20,2026-06-24,2026-10-02,2026-06-30,2500,G,0,2002-10-02,2500,2026-10-02,comprador-0001,A00,A Tiempo,35,,2026-10-02,,Fabricante 0083,,CIP,CREDITO,ZCA640000000086,APROBADO,PENDIENTE,PENDIENTE,INTERNACIONAL,Entre 2°-8° C,CHINA,AEREO,2026-09-03,PENDIENTE,ENVIADO
IDA,4500018224,30,CR10,PROV-0023,Proveedor 0023,11900210,Mat.Prueba Rosuvastatina cálcica,1000035038,30,2026-06-24,2026-10-02,2026-06-30,2500,G,0,2002-10-02,2500,2026-10-02,comprador-0001,A00,A Tiempo,35,,2026-10-02,,Fabricante 0083,,CIP,CREDITO,ZCA640000000086,APROBADO,PENDIENTE,PENDIENTE,INTERNACIONAL,Entre 2°-8° C,CHINA,AEREO,2026-09-03,PENDIENTE,ENVIADO
IDA,4500018225,10,CR10,PROV-0092,Proveedor 0092,11900125,MAT.PRUEBA CROTAMITÓN,1000035010,10,2026-06-23,2026-10-01,3006/2026,5000,G,0,2026-09-11,5000,2026-07-31,comprador-0001,A00,Atrasado,-28,,2026-09-11,,Fabricante 0084,N/A,EXW,CONTADO/SI,ZCA640000000071,APROBADO,1,PENDIENTE,INTERNACIONAL,Ambiente,INDIA,AEREO,PENDIENTE,PENDIENTE,PENDIENTE
IDA,4500018225,20,CR10,PROV-0092,Proveedor 0092,11900125,MAT.PRUEBA CROTAMITÓN,1000035010,20,2026-06-23,2026-10-01,3006/2026,5000,G,0,2026-09-11,5000,2026-07-31,comprador-0001,A00,Atrasado,-28,,2026-09-11,,Fabricante 0084,N/A,EXW,CONTADO/SI,ZCA640000000071,APROBADO,1,PENDIENTE,INTERNACIONAL,Ambiente,INDIA,AEREO,PENDIENTE,PENDIENTE,PENDIENTE
IDA,4500018225,30,CR10,PROV-0092,Proveedor 0092,11900125,MAT.PRUEBA CROTAMITÓN,1000035010,30,2026-06-23,2026-10-01,3006/2026,5000,G,0,2026-09-11,5000,2026-07-31,comprador-0001,A00,Atrasado,-28,,2026-09-11,,Fabricante 0084,N/A,EXW,CONTADO/SI,ZCA640000000071,APROBADO,1,PENDIENTE,INTERNACIONAL,Ambiente,INDIA,AEREO,PENDIENTE,PENDIENTE,PENDIENTE
IDA,4500018227,10,CR10,PROV-0028,Proveedor 0028,12900011,MAT.PRUEBA Celulosa microcristalina 102,1000034193,10,2026-06-16,2026-09-24,2026-06-30,2000,G,0,2026-09-24,2000,2026-09-24,comprador-0002,A00,A Tiempo,27,,,,,,,,,,,,,,,,,,
IDA,4500018330,10,CR10,PROV-0093,Proveedor 0093,13900006,MATERIAL PRUEBA CORRUGADOS HORMONALES,1000035228,10,2026-07-02,2026-07-02,2026-07-03,1200,UN,0,2026-07-30,1200,2026-07-30,comprador-0003,A01,Atrasado,-29,,,,,,,,,,,,,,,,,,
IDA,4500018331,10,CR10,PROV-0094,Proveedor 0094,13900006,MATERIAL PRUEBA CORRUGADOS HORMONALES,1000035229,10,2026-07-02,2026-07-02,2026-07-03,1000,UN,0,2026-07-31,1000,2026-07-31,comprador-0003,A01,Atrasado,-28,,,,,,,,,,,,,,,,,,
IDA,4500018376,30,CR10,PROV-0095,Proveedor 0095,11900147,MAT.PRUEBA FLUFENAZINA DECANOATO,1000035012,30,2026-06-23,2026-10-01,2026-07-06,300,G,0,2026-10-01,300,2026-10-01,comprador-0001,A00,A Tiempo,34,,2026-10-01,,Fabricante 0085,N/A,CIP,CONTADO/SI,ZCA640000000140,APROBADO,1,PENDENTE,INTERNACIONAL,Ambiente,INDIA,AEREO,PENDIENTE,PEDIENTE,PENDIENTE
IDA,4500018376,20,CR10,PROV-0095,Proveedor 0095,11900147,MAT.PRUEBA FLUFENAZINA DECANOATO,1000035012,20,2026-06-23,2026-10-01,2026-07-06,300,G,0,2026-10-01,300,2026-10-01,comprador-0001,A00,A Tiempo,34,,2026-10-01,,Fabricante 0085,N/A,CIP,CONTADO/SI,ZCA640000000140,APROBADO,1,PENDENTE,INTERNACIONAL,Ambiente,INDIA,AEREO,PENDIENTE,PEDIENTE,PENDIENTE
IDA,4500018376,10,CR10,PROV-0095,Proveedor 0095,11900147,MAT.PRUEBA FLUFENAZINA DECANOATO,1000035012,10,2026-06-23,2026-10-01,2026-07-06,300,G,0,2026-10-01,300,2026-10-01,comprador-0001,A00,A Tiempo,34,,2026-10-01,,Fabricante 0085,N/A,CIP,CONTADO/SI,ZCA640000000140,APROBADO,1,PENDENTE,INTERNACIONAL,Ambiente,INDIA,AEREO,PENDIENTE,PEDIENTE,PENDIENTE
IDA,4500018534,10,CR10,PROV-0096,Proveedor 0096,13900030,MAT.PRUEBA VALVULA SPRAY NASAL 0.1 ML.,1000035314,10,2026-07-07,2026-07-07,2026-07-13,500,UN,0,2026-10-02,500,2026-10-02,comprador-0004,A04,A Tiempo,35,,,,,,,,,,,,,,,,,,
IDA,4500018608,10,CR10,PROV-0042,Proveedor 0042,11900215,Vonoprazan Fumarato,1000035420,20,2026-07-10,2026-10-19,2026-07-17,9000,G,0,2026-09-11,9000,2026-09-11,comprador-0001,A00,A Tiempo,14,,2026-09-11,,Fabricante 0086,N/A,CIP,CREDITO,ZCA640000000141,SI,PENDIENTE,PENDIENTE,INTERNACIONAL,Ambiente,CHINA,AEREO,PENDIENTE,PENDIENTE,PENDIENTE
IDA,4500018896,10,CR10,PROV-0097,Proveedor 0097,13900012,MAT. PRUEBA CAJAS PLEGADIZAS CARTULINA,1000037547,10,2026-07-29,2026-07-29,2026-07-30,5000,UN,0,2026-08-30,5000,2026-08-30,comprador-0003,A01,A Tiempo,2,,,,,,,,,,,,,,,,,,
IDA,4500018897,10,CR10,PROV-0098,Proveedor 0098,13900012,MAT. PRUEBA CAJAS PLEGADIZAS CARTULINA,1000037548,10,2026-07-29,2026-07-29,2026-07-30,5000,UN,0,2026-08-30,5000,2026-08-30,comprador-0003,A01,A Tiempo,2,,,,,,,,,,,,,,,,,,
IDA,4500018933,10,CR10,PROV-0099,Proveedor 0099,11900006,MAT. PRUEBA YODOCLOROHIDROXIQUINOLEINA,1000037551,10,,2026-07-30,2026-07-31,400,G,0,,400,,comprador-0001,A00,A Tiempo,28,,,,Fabricante 0087,N/A,CIP,PENDIENTE,PENDIENTE,PENDIENTE,PENDIENTE,PENDIENTE,PENDIENTE,PENDIENTE,INDIA,AEREO,PENDIENTE,PENDIENTE,PENDIENTE
IDA,4500018933,20,CR10,PROV-0099,Proveedor 0099,11900006,MAT. PRUEBA YODOCLOROHIDROXIQUINOLEINA,1000037551,20,,2026-07-30,2026-07-31,400,G,0,,400,,comprador-0001,A00,A Tiempo,28,,,,Fabricante 0087,N/A,CIP,PENDIENTE,PENDIENTE,PENDIENTE,PENDIENTE,PENDIENTE,PENDIENTE,PENDIENTE,INDIA,AEREO,PENDIENTE,PENDIENTE,PENDIENTE
IDA,4500018933,30,CR10,PROV-0099,Proveedor 0099,11900006,MAT. PRUEBA YODOCLOROHIDROXIQUINOLEINA,1000037551,30,,2026-07-30,2026-07-31,400,G,0,,400,,comprador-0001,A00,A Tiempo,28,,,,Fabricante 0087,N/A,CIP,PENDIENTE,PENDIENTE,PENDIENTE,PENDIENTE,PENDIENTE,PENDIENTE,PENDIENTE,INDIA,AEREO,PENDIENTE,PENDIENTE,PENDIENTE
IDA,4500018943,40,CR10,PROV-0002,Proveedor 0002,11900212,Deflazacort,1000033173,10,,,2026-08-03,7800,G,0,2026-09-25,7800,,comprador-0001,A02,A Tiempo,28,,,,,132,CIP,CREDITO/SI,PENDIENTE,PENDIENTE,2,PENDIENTE,INTERNACIONAL,,INDIA,AEREO,PENDIENTE,PENDIENTE,PENDIENTE
IDA,4500018943,50,CR10,PROV-0002,Proveedor 0002,11900212,Deflazacort,1000033173,40,,,2026-08-03,1000,G,0,2026-09-25,1000,,comprador-0001,A02,A Tiempo,28,,,,,132,CIP,CREDITO/SI,PENDIENTE,PENDIENTE,3,PENDIENTE,INTERNACIONAL,,INDIA,AEREO,PENDIENTE,PENDIENTE,PENDIENTE
IDA,4500018945,30,CR10,PROV-0100,Proveedor 0100,11900092,MAT.PRUEBA VALACICLOVIR CLORHIDRATO,1000037552,30,2026-07-30,2026-11-07,2026-08-03,5000,G,0,,5000,,comprador-0001,A00,A Tiempo,7,,,,Fabricante 0088,N/A,FCA,CONTADO/PENDIENTE,PENDIENTE,PENDIENTE,3,PENDIENTE,INTERNACIONAL,Ambiente,INDIA,AEREO,PENDIENTE,PEDIENTE,PENDIENTE
IDA,4500018945,20,CR10,PROV-0100,Proveedor 0100,11900092,MAT.PRUEBA VALACICLOVIR CLORHIDRATO,1000037552,20,2026-07-30,2026-11-07,2026-08-03,5000,G,0,,5000,,comprador-0001,A00,A Tiempo,7,,,,Fabricante 0088,N/A,FCA,CONTADO/PENDIENTE,PENDIENTE,PENDIENTE,3,PENDIENTE,INTERNACIONAL,Ambiente,INDIA,AEREO,PENDIENTE,PEDIENTE,PENDIENTE
IDA,4500018945,10,CR10,PROV-0100,Proveedor 0100,11900092,MAT.PRUEBA VALACICLOVIR CLORHIDRATO,1000037552,10,2026-07-30,2026-11-07,2026-08-03,5000,G,0,,5000,,comprador-0001,A00,A Tiempo,7,,,,Fabricante 0088,N/A,FCA,CONTADO/PENDIENTE,PENDIENTE,PENDIENTE,3,PENDIENTE,INTERNACIONAL,Ambiente,INDIA,AEREO,PENDIENTE,PEDIENTE,PENDIENTE
IDA,4500019070,20,CR10,PROV-0101,Proveedor 0101,13900006,MATERIAL PRUEBA CORRUGADOS HORMONALES,1000038308,20,2026-08-05,2026-08-05,2026-08-06,561,UN,0,2026-09-30,561,2026-09-30,comprador-0003,A01,A Tiempo,33,,,,,,,,,,,,,,,,,,
IDA,4500019070,10,CR10,PROV-0101,Proveedor 0101,13900006,MATERIAL PRUEBA CORRUGADOS HORMONALES,1000038308,10,2026-08-05,2026-08-05,2026-08-06,546,UN,0,2026-09-30,546,2026-09-30,comprador-0003,A01,A Tiempo,33,,,,,,,,,,,,,,,,,,
IDA,4500019097,10,CR10,PROV-0043,Proveedor 0043,12900079,Manitol Compresión Directa,1000038318,10,2026-08-05,2026-11-13,2026-08-10,2500,G,0,2026-08-30,2500,2026-08-30,comprador-0002,A00,A Tiempo,2,,,,,,,,,,,,,,,,,,
IDA,4500019097,20,CR10,PROV-0043,Proveedor 0043,12900079,Manitol Compresión Directa,1000038318,10,2026-08-05,2026-11-13,2026-08-10,2500,G,0,2026-10-30,2500,2026-10-30,comprador-0002,A00,A Tiempo,63,,,,,,,,,,,,,,,,,,
IDA,4500019126,10,CR10,PROV-0102,Proveedor 0102,11900010,MATERIAL PRUEBA FENTERMINA CLORHIDRATO,1000028214,10,2026-02-10,2026-02-24,2026-02-10,500,G,0,2026-11-27,500,2026-09-18,comprador-0001,A00,A Tiempo,91,,,2026-02-10,Fabricante 0089,,CIP,CREDITO,,PENDIENTE,PENDIENTE,PENDIENTE,INTERNACIONAL,,INDIA,AEREO,,PENDIENTE,PENDIENTE
IDA,4500019126,20,CR10,PROV-0102,Proveedor 0102,11900010,MATERIAL PRUEBA FENTERMINA CLORHIDRATO,1000028214,20,2026-02-10,2026-02-24,2026-02-10,500,G,0,2026-11-27,500,2026-09-18,comprador-0001,A00,A Tiempo,91,,,2026-02-10,Fabricante 0089,,CIP,CREDITO,,PENDIENTE,PENDIENTE,PENDIENTE,INTERNACIONAL,,INDIA,AEREO,,PENDIENTE,PENDIENTE
IDA,4500019126,30,CR10,PROV-0102,Proveedor 0102,11900010,MATERIAL PRUEBA FENTERMINA CLORHIDRATO,1000028214,30,2026-02-10,2026-02-24,2026-02-10,500,G,0,2026-11-27,500,2026-09-18,comprador-0001,A00,A Tiempo,91,,,2026-02-10,Fabricante 0089,,CIP,CREDITO,,PENDIENTE,PENDIENTE,PENDIENTE,INTERNACIONAL,,INDIA,AEREO,,PENDIENTE,PENDIENTE
IDA,4500019170,10,CR10,PROV-0048,Proveedor 0048,12900077,Calcio carbonato para compresión directa,1000038451,10,2026-08-12,2026-11-20,2026-08-13,2500,G,0,2026-11-20,2500,2026-11-20,comprador-0002,A02,A Tiempo,84,,,,,,,,,,,,,,,,,,
IDA,4500019170,20,CR10,PROV-0048,Proveedor 0048,12900077,Calcio carbonato para compresión directa,1000038451,20,2026-08-12,2026-11-20,2026-08-13,2500,G,0,2026-11-20,2500,2026-11-20,comprador-0002,A02,A Tiempo,84,,,,,,,,,,,,,,,,,,
IDA,4500019170,30,CR10,PROV-0048,Proveedor 0048,12900077,Calcio carbonato para compresión directa,1000038451,30,2026-08-12,2026-11-20,2026-08-13,2500,G,0,2026-11-20,2500,2026-11-20,comprador-0002,A02,A Tiempo,84,,,,,,,,,,,,,,,,,,
IDA,4500019172,10,CR10,PROV-0103,Proveedor 0103,11900216,Metisoprinol,1000038444,10,,,,35000,G,0,2026-09-20,35000,2026-11-20,comprador-0002,A02,A Tiempo,23,,,,,,,,,,,,,,,,,,
IDA,4500019175,20,CR10,PROV-0048,Proveedor 0048,12900076,Celulosa microcristalina 302,1000038394,20,2026-08-11,2026-11-19,2026-08-13,2000,G,0,2026-11-19,2000,2026-11-19,comprador-0002,A00,A Tiempo,83,,,,,,,,,,,,,,,,,,
IDA,4500019175,30,CR10,PROV-0048,Proveedor 0048,12900074,Celulosa microcristalina 101,1000038394,30,2026-08-11,2026-11-19,2026-08-13,5000,G,0,2026-11-19,5000,2026-11-19,comprador-0002,A00,A Tiempo,83,,,,,,,,,,,,,,,,,,
IDA,4500019175,10,CR10,PROV-0048,Proveedor 0048,12900075,Celulosa microcristalina 200,1000038394,10,2026-08-11,2026-11-19,2026-08-13,2000,G,0,2026-11-19,2000,2026-11-19,comprador-0002,A00,A Tiempo,83,,,,,,,,,,,,,,,,,,
IDA,4500019258,10,CR10,PROV-0041,Proveedor 0041,12900078,Celulosa microcristalina 112,1000038272,10,2026-08-04,2026-11-12,2026-08-20,50000,G,0,2026-11-12,50000,2026-11-12,comprador-0002,A02,A Tiempo,76,,,,,,,,,,,,,,,,,,
IDA,4500019302,10,CR10,PROV-0038,Proveedor 0038,12900083,Acryl-EZE 93A38231 amarillo,1000041341,10,2026-08-25,2026-12-03,2026-08-25,2000,G,0,2026-09-30,2000,2026-09-30,comprador-0002,A02,A Tiempo,33,,,,,,,,,,,,,,,,,,
IDA,4900000353,10,CR10,PROV-0101,Proveedor 0101,13900006,MATERIAL PRUEBA CORRUGADOS HORMONALES,,0,0,0,2026-08-04,558,UN,0,2026-08-04,558,2026-08-04,comprador-0003,A01,Atrasado,-24,,,,,,,,,,,,,,,,,,
IDA,4900000354,10,CR10,PROV-0101,Proveedor 0101,13900006,MATERIAL PRUEBA CORRUGADOS HORMONALES,,0,0,0,2026-08-04,543,UN,0,2026-08-04,543,2026-08-04,comprador-0003,A01,Atrasado,-24,,,,,,,,,,,,,,,,,,
